37 PS,2164,2164,2166,2166,2180,2180,2195,2195,6101,6101,
0.035,0.04,0.034,0.035,0.036,0.041,0.045,0.037,0.036,0.038,0.038,0.046
0.036,0.594,0.854,0.482,0.501,0.173,0.408,0.499,0.842,2.782,3.414,0.071
0.038,0.833,0.719,0.276,0.462,0.124,0.159,0.471,0.726,2.653,3.21,0.093
0.036,0.995,0.748,0.421,0.379,0.226,0.237,0.393,0.736,2.721,3.149,0.077
0.038,0.809,1.036,0.412,0.446,0.218,0.219,0.478,0.716,1.965,3.449,0.072
0.038,0.809,0.973,0.47,0.587,0.299,0.325,0.441,0.419,1.023,3.069,0.068
0.036,1.371,1.478,0.57,0.919,0.811,0.601,0.487,0.598,3.09,3.052,0.067
0.037,0.039,0.037,0.039,0.043,0.038,0.038,0.038,0.037,0.036,0.036,0.044
37 PS,2197,2197,2198,2198,2202,2202,2209,2209,2210,2210,
0.034,0.034,0.033,0.037,0.035,0.036,0.039,0.037,0.037,0.032,0.034,0.033
0.035,0.175,0.256,0.486,0.822,0.603,0.393,0.296,0.258,0.279,0.19,0.062
0.035,0.13,0.226,0.622,0.588,0.514,0.331,0.23,0.233,0.271,0.219,0.063
0.037,0.171,0.209,0.543,0.596,0.443,0.292,0.184,0.179,0.156,0.162,0.067
0.036,0.181,0.141,0.496,0.568,0.307,0.394,0.188,0.145,0.365,0.156,0.077
0.036,0.131,0.135,0.623,0.487,0.341,0.47,0.263,0.142,0.384,0.184,0.065
0.038,0.133,0.325,0.516,0.587,0.54,0.363,0.332,0.379,0.25,0.158,0.063
0.041,0.035,0.037,0.038,0.038,0.039,0.037,0.047,0.036,0.035,0.036,0.039
37 PS,2221,2221,2225,2225,2226,2226,2251,2251,2272,2272,
0.038,0.041,0.037,0.039,0.038,0.043,0.037,0.036,0.038,0.034,0.035,0.035
0.04,0.211,0.248,0.313,0.35,0.116,0.319,0.259,0.282,0.317,0.372,0.128
0.041,0.134,0.155,0.422,0.378,0.156,0.128,0.114,0.135,0.162,0.193,0.081
0.046,0.135,0.127,0.245,0.267,0.121,0.15,0.184,0.203,0.219,0.243,0.076
0.044,0.138,0.267,0.355,0.212,0.126,1.07,0.226,0.182,0.302,0.238,0.08
0.043,0.173,0.362,0.338,0.237,0.175,1.198,0.27,0.243,0.314,0.393,0.064
0.04,0.997,0.96,0.504,0.468,0.323,1.018,0.418,0.495,0.345,0.466,0.073
0.039,0.044,0.04,0.042,0.037,0.054,0.04,0.038,0.037,0.038,0.034,0.036
37 PS,2283,2283,2319,2319,2323,2323,2493,2493,2520,2520,
0.039,0.036,0.036,0.036,0.037,0.045,0.036,0.038,0.036,0.039,0.042,0.039
0.039,0.371,0.448,0.303,0.372,0.233,0.273,0.319,0.354,0.392,0.268,0.071
0.04,0.199,0.196,0.307,0.333,0.176,0.19,0.294,0.474,0.487,0.3,0.081
0.043,0.183,0.146,0.209,0.346,0.168,0.184,0.278,0.342,0.186,0.23,0.075
0.042,0.178,0.12,0.225,0.494,0.151,0.153,0.85,0.55,0.39,0.261,0.074
0.04,0.168,0.131,0.22,0.459,0.157,0.124,1.301,0.47,0.35,0.22,0.074
0.038,0.177,0.159,0.352,0.684,0.279,0.238,1.197,0.466,0.503,0.47,0.087
0.044,0.04,0.037,0.039,0.041,0.039,0.041,0.037,0.038,0.037,0.041,0.041
37 PS,2555,2555,2560,2560,2568,2568,2572,2572,2583,2583,
0.037,0.041,0.035,0.04,0.038,0.043,0.04,0.037,0.04,0.04,0.036,0.056
0.04,0.221,0.241,0.248,0.166,0.266,0.308,0.478,0.367,0.188,0.356,0.074
0.04,0.199,0.176,0.162,0.202,0.153,0.248,0.331,0.247,0.223,0.299,0.216
0.038,0.192,0.145,0.137,0.168,0.19,0.198,0.326,0.26,0.223,0.253,0.078
0.037,0.187,0.168,0.138,0.144,0.163,0.225,0.221,0.162,0.237,0.136,0.093
0.037,0.108,0.167,0.176,0.162,0.156,0.132,0.328,0.178,0.297,0.291,0.072
0.039,0.199,0.205,0.25,0.276,0.294,0.253,0.373,0.264,0.381,0.134,0.081
0.039,0.038,0.037,0.041,0.037,0.041,0.039,0.042,0.04,0.033,0.037,0.042
37 PS,2588,2588,2626,2626,2629,2629,2632,2632,2694,2694,
0.036,0.034,0.034,0.035,0.037,0.037,0.04,0.037,0.034,0.036,0.034,0.038
0.036,0.078,0.092,0.354,0.39,0.251,0.237,0.172,0.279,0.474,0.632,0.082
0.042,0.085,0.103,0.556,0.563,0.255,0.227,0.203,0.212,0.789,0.999,0.086
0.036,0.118,0.097,0.425,0.554,0.248,0.17,0.1,0.216,0.661,0.758,0.094
0.037,0.105,0.092,0.346,0.205,0.263,0.651,0.208,0.138,0.204,0.328,0.082
0.037,0.088,0.096,0.44,0.282,0.195,0.673,0.259,0.139,0.276,0.154,0.076
0.036,0.161,0.102,0.303,0.283,0.462,0.623,0.385,0.24,0.212,0.119,0.073
0.038,0.039,0.036,0.037,0.039,0.039,0.037,0.038,0.038,0.035,0.036,0.036
37 PS,2695,2695,2696,2696,2697,2697,2702,2702,2703,2703,
0.038,0.04,0.04,0.036,0.037,0.04,0.038,0.038,0.037,0.039,0.038,0.04
0.036,0.319,0.663,0.382,0.445,0.565,0.493,0.335,0.329,0.344,0.498,0.101
0.037,0.386,0.446,0.473,0.311,0.68,0.756,0.457,0.715,0.434,0.749,0.093
0.035,0.324,0.376,0.65,0.483,0.682,0.753,0.423,0.471,0.525,0.918,0.101
0.039,0.656,0.413,0.248,0.205,0.49,0.616,0.317,0.305,0.426,0.229,0.081
0.038,0.551,0.386,0.676,0.32,0.492,0.634,0.373,0.273,0.355,0.19,0.095
0.038,0.474,0.333,0.279,0.304,0.355,0.514,0.458,0.258,0.319,0.191,0.094
0.039,0.04,0.039,0.042,0.041,0.039,0.036,0.038,0.042,0.033,0.044,0.039
37 PS,2704,2704,2705,2705,2634,2634,2710,2710,2689,2689,
0.035,0.034,0.033,0.035,0.037,0.04,0.04,0.036,0.036,0.038,0.034,0.035
0.037,0.26,0.325,0.348,0.378,0.543,0.471,0.505,0.581,0.575,0.534,0.079
0.036,0.271,0.244,0.3,0.297,0.61,0.51,0.556,0.534,0.716,0.6,0.093
0.038,0.259,0.204,0.268,0.257,0.574,0.451,0.465,0.459,0.718,0.445,0.119
0.036,0.274,0.188,0.207,0.154,0.483,0.606,0.386,0.415,0.321,0.51,0.096
0.04,0.301,0.179,0.228,0.163,0.328,0.618,0.318,0.413,0.515,0.45,0.107
0.037,0.305,0.321,0.358,0.245,0.404,0.917,0.369,0.44,0.528,0.264,0.075
0.04,0.048,0.038,0.04,0.041,0.042,0.038,0.041,0.04,0.037,0.037,0.051
37 PS,2712,2712,2713,2713,2762,2762,2770,2770,2773,2773,
0.035,0.044,0.035,0.036,0.037,0.04,0.039,0.04,0.036,0.037,0.039,0.045
0.036,0.329,0.348,0.356,0.207,0.244,0.235,0.268,0.172,0.247,0.108,0.106
0.038,0.204,0.193,0.138,0.14,0.153,0.169,0.157,0.088,0.124,0.125,0.081
0.035,0.188,0.238,0.147,0.116,0.182,0.133,0.117,0.174,0.124,0.114,0.085
0.038,0.194,0.559,0.164,0.211,0.197,0.121,0.125,0.125,0.212,0.233,0.09
0.04,0.229,0.556,0.187,0.215,0.323,0.248,0.166,0.096,0.186,0.171,0.074
0.039,0.267,0.76,0.132,0.216,0.322,0.201,0.242,0.142,0.219,0.258,0.085
0.038,0.038,0.05,0.039,0.041,0.05,0.042,0.039,0.039,0.039,0.047,0.05
37 PS,2802,2802,2805,2805,2806,2806,2809,2809,2821,2821,
0.036,0.034,0.033,0.037,0.048,0.036,0.038,0.038,0.035,0.033,0.035,0.033
0.035,0.187,0.2,0.143,0.164,0.109,0.23,0.197,0.12,0.094,0.115,0.126
0.036,0.14,0.14,0.181,0.16,0.13,0.129,0.136,0.123,0.132,0.102,0.067
0.038,0.163,0.11,0.174,0.171,0.084,0.155,0.135,0.133,0.171,0.208,0.085
0.036,0.207,0.134,0.14,0.123,0.083,0.323,0.148,0.131,0.168,0.157,0.079
0.038,0.23,0.147,0.235,0.229,0.161,0.326,0.134,0.235,0.189,0.16,0.067
0.037,0.205,0.322,0.408,0.285,0.303,1.128,0.263,0.278,0.231,0.204,0.069
0.044,0.039,0.037,0.039,0.039,0.041,0.039,0.048,0.036,0.035,0.037,0.042
37 PS,2823,2823,2871,2871,2872,2872,3078,3078,3083,3083,
0.038,0.04,0.037,0.038,0.036,0.039,0.04,0.036,0.036,0.033,0.035,0.036
0.04,0.122,0.14,0.109,0.104,0.143,0.2,0.693,0.257,0.19,0.16,0.138
0.039,0.191,0.128,0.12,0.139,0.174,0.133,0.911,0.637,0.178,0.155,0.069
0.042,0.131,0.09,0.092,0.109,0.112,0.174,0.995,0.72,0.189,0.179,0.076
0.037,0.136,0.139,0.116,0.111,0.11,0.165,0.261,0.166,0.154,0.159,0.071
0.04,0.173,0.199,0.149,0.139,0.163,0.211,0.238,0.18,0.189,0.129,0.071
0.04,0.164,0.222,0.236,0.399,0.254,0.389,0.404,0.242,0.256,0.172,0.084
0.039,0.042,0.04,0.042,0.038,0.045,0.042,0.038,0.037,0.038,0.035,0.037
37 PS,3084,3084,3256,3256,3258,3258,3457,3457,3483,3483,
0.039,0.036,0.036,0.036,0.037,0.041,0.036,0.04,0.037,0.039,0.042,0.04
0.039,0.135,0.162,0.158,0.181,0.168,0.307,0.32,0.354,0.242,0.261,0.216
0.04,0.145,0.198,0.228,0.24,0.196,0.25,0.247,0.231,0.149,0.193,0.067
0.043,0.107,0.174,0.22,0.236,0.15,0.22,0.251,0.274,0.147,0.215,0.073
0.043,0.179,0.327,0.223,0.137,0.105,0.237,0.261,0.158,0.114,0.183,0.076
0.04,0.167,0.267,0.186,0.146,0.142,0.208,0.195,0.115,0.21,0.225,0.082
0.038,0.222,0.496,0.201,0.194,0.17,0.25,0.357,0.166,0.229,0.201,0.07
0.044,0.04,0.038,0.04,0.041,0.04,0.042,0.038,0.039,0.038,0.041,0.04
37 PS,3545,3545,3549,3549,3550,3550,3557,3557,3558,3558,
0.037,0.041,0.036,0.039,0.038,0.043,0.039,0.036,0.039,0.04,0.036,0.056
0.04,0.204,0.227,0.112,0.138,0.123,0.267,0.437,0.469,0.295,0.235,0.081
0.04,0.148,0.26,0.131,0.144,0.154,0.215,0.206,0.299,0.172,0.349,0.076
0.037,0.289,0.341,0.128,0.119,0.16,0.284,0.291,0.341,0.276,0.492,0.118
0.038,0.281,0.455,0.145,0.214,0.118,1.744,0.272,0.243,1.147,0.259,0.093
0.037,0.168,0.407,0.095,0.2,0.089,1.66,0.326,0.242,1.172,0.279,0.081
0.039,0.4,0.805,0.24,0.318,0.176,2.261,0.644,0.486,1.026,0.367,0.079
0.039,0.038,0.037,0.041,0.037,0.041,0.039,0.042,0.04,0.033,0.037,0.043
37 PS,3570,3570,3571,3571,3586,3586,3587,3587,3601,3601,
0.036,0.034,0.034,0.035,0.035,0.037,0.039,0.037,0.034,0.037,0.035,0.038
0.036,0.285,0.277,0.315,0.349,0.129,0.125,0.115,0.088,0.138,0.144,0.18
0.042,0.109,0.171,0.236,0.268,0.195,0.189,0.149,0.129,0.213,0.21,0.07
0.037,0.123,0.11,0.28,0.303,0.171,0.198,0.146,0.136,0.118,0.152,0.078
0.037,0.195,0.175,0.531,0.845,0.147,0.217,0.137,0.186,0.185,0.14,0.079
0.037,0.117,0.133,0.641,0.691,0.157,0.207,0.148,0.198,0.201,0.126,0.076
0.036,0.228,0.215,0.623,0.992,0.51,0.45,0.214,0.283,0.323,0.3,0.073
0.037,0.037,0.036,0.037,0.037,0.039,0.038,0.038,0.038,0.036,0.036,0.036
37 PS,3615,3615,3699,3699,3711,3711,3718,3718,3725,3725,
0.038,0.04,0.039,0.037,0.037,0.039,0.037,0.038,0.038,0.039,0.038,0.039
0.036,0.125,0.22,0.121,0.112,0.135,0.274,0.327,0.29,0.125,0.25,0.081
0.037,0.198,0.168,0.177,0.134,0.127,0.187,0.188,0.242,0.159,0.228,0.066
0.036,0.183,0.167,0.251,0.189,0.129,0.191,0.213,0.205,0.175,0.274,0.069
0.039,0.17,0.155,0.156,0.135,0.181,0.248,0.241,0.165,0.206,0.162,0.085
0.039,0.168,0.155,0.241,0.138,0.19,0.239,0.213,0.171,0.198,0.137,0.071
0.04,0.148,0.158,0.255,0.15,0.201,0.707,0.395,0.26,0.431,0.207,0.063
0.04,0.042,0.04,0.042,0.038,0.039,0.037,0.039,0.039,0.034,0.044,0.04
37 PS,4005,4005,4016,4016,4021,4021,3713,3713,6101,6101,
0.036,0.034,0.034,0.035,0.036,0.04,0.039,0.036,0.034,0.036,0.035,0.035
0.038,0.291,0.294,0.201,0.22,0.287,0.321,0.236,0.225,2.281,2.664,0.078
0.036,0.281,0.239,0.145,0.236,0.147,0.206,0.161,0.154,1.733,2.867,0.64
0.039,0.223,0.253,0.153,0.286,0.166,0.199,0.167,0.18,2.684,3.535,0.075
0.036,0.258,0.226,0.169,0.138,0.129,0.139,0.156,0.186,2.284,2.807,0.086
0.04,0.237,0.197,0.173,0.101,0.122,0.154,0.145,0.133,0.843,2.667,0.069
0.038,0.286,0.338,0.237,0.204,0.37,0.201,0.153,0.147,1.033,3.021,0.071
0.039,0.048,0.038,0.04,0.041,0.041,0.039,0.038,0.042,0.037,0.037,0.051
37 PS,4022,4022,4025,4025,4035,4035,4040,4040,4044,4044,
0.035,0.044,0.035,0.037,0.036,0.042,0.035,0.041,0.039,0.037,0.039,0.047
0.036,0.203,0.276,0.144,0.282,0.295,0.301,0.362,0.327,0.387,0.344,0.223
0.04,0.272,0.393,0.158,0.152,0.213,0.226,0.162,0.184,0.137,0.093,0.106
0.036,0.269,0.365,0.143,0.149,0.214,0.193,0.154,0.158,0.178,0.127,0.099
0.038,0.304,0.605,0.132,0.196,0.218,0.466,0.162,0.397,0.194,0.297,0.079
0.039,0.578,0.699,0.19,0.25,0.225,0.493,0.235,0.506,0.251,0.254,0.072
0.04,0.629,0.798,0.426,0.374,0.34,0.943,0.449,0.669,0.497,0.806,0.093
0.038,0.038,0.043,0.04,0.041,0.042,0.043,0.039,0.041,0.04,0.044,0.049
37 PS,4048,4048,4118,4118,4129,4129,4138,4138,4201,4201,
0.037,0.039,0.038,0.038,0.036,0.035,0.04,0.036,0.037,0.034,0.035,0.036
0.039,0.288,0.306,0.2,0.239,0.15,0.207,0.239,0.391,0.203,0.203,0.169
0.037,0.257,0.192,0.212,0.412,0.115,0.178,0.149,0.183,0.16,0.158,0.153
0.041,0.222,0.162,0.178,0.208,0.186,0.167,0.137,0.157,0.174,0.182,0.095
0.037,0.3,0.23,0.266,0.351,0.239,0.117,0.159,0.569,0.181,0.189,0.079
0.04,0.308,0.392,0.405,0.268,0.246,0.131,0.281,0.377,0.185,0.159,0.082
0.04,0.52,0.702,0.355,0.353,0.579,0.376,0.57,0.295,0.322,0.32,0.088
0.039,0.041,0.04,0.041,0.038,0.047,0.039,0.038,0.037,0.035,0.035,0.037
37 PS,4214,4214,4297,4297,4298,4298,4306,4306,4310,4310,
0.038,0.035,0.036,0.037,0.041,0.041,0.036,0.04,0.037,0.038,0.046,0.04
0.037,0.239,0.218,0.373,0.381,0.409,0.499,0.286,0.243,0.147,0.155,0.277
0.038,0.174,0.171,0.458,0.605,0.401,0.339,0.22,0.24,0.145,0.151,0.069
0.039,0.213,0.15,0.543,0.534,0.461,0.423,0.263,0.262,0.18,0.191,0.079
0.041,0.307,0.191,0.273,0.123,0.156,0.154,0.224,0.362,0.162,0.404,0.069
0.039,0.322,0.135,0.234,0.144,0.193,0.121,0.272,0.399,0.172,0.151,0.075
0.037,0.381,0.467,0.152,0.1,0.339,0.128,0.36,0.466,0.227,0.103,0.064
0.042,0.038,0.038,0.039,0.038,0.04,0.042,0.039,0.039,0.037,0.04,0.04
37 PS,4315,4315,4317,4317,4319,4319,4322,4322,4325,4325,
0.037,0.039,0.035,0.038,0.037,0.043,0.039,0.036,0.039,0.042,0.036,0.059
0.039,0.341,0.349,0.146,0.138,0.189,0.235,0.281,0.263,0.274,0.227,0.266
0.04,0.246,0.201,0.101,0.14,0.166,0.176,0.311,0.269,0.181,0.19,0.086
0.037,0.407,0.171,0.114,0.128,0.164,0.186,0.471,0.415,0.208,0.19,0.082
0.037,0.327,0.142,0.114,0.145,0.23,0.26,0.191,0.293,0.239,0.238,0.101
0.036,0.961,0.327,0.153,0.247,0.319,0.381,0.208,0.385,0.291,0.292,0.084
0.038,0.662,0.894,0.694,0.849,0.691,0.383,0.298,0.404,0.57,0.164,0.093
0.039,0.038,0.037,0.041,0.037,0.041,0.04,0.043,0.041,0.034,0.037,0.043
37 PS,4326,4326,4328,4328,4329,4329,4333,4333,4336,4336,
0.036,0.034,0.034,0.034,0.035,0.037,0.04,0.037,0.036,0.035,0.036,0.038
0.036,0.221,0.362,0.213,0.394,0.203,0.332,0.343,0.596,0.236,0.33,0.245
0.042,0.202,0.329,0.21,0.249,0.183,0.207,0.223,0.303,0.135,0.194,0.076
0.037,0.264,0.291,0.164,0.23,0.163,0.193,0.221,0.178,0.147,0.195,0.075
0.037,0.63,0.692,0.193,0.652,0.326,0.352,0.364,0.768,0.32,0.361,0.077
0.037,0.41,1.141,0.312,0.893,0.361,0.943,0.342,1.604,0.535,0.243,0.07
0.037,0.752,1.14,1.149,1.869,0.631,0.247,1.217,1.101,0.935,0.197,0.073
0.037,0.037,0.037,0.038,0.038,0.04,0.037,0.038,0.038,0.035,0.036,0.036
37 PS,4344,4344,4348,4348,4365,4365,4371,4371,4372,4372,
0.038,0.04,0.037,0.037,0.037,0.039,0.038,0.038,0.037,0.039,0.038,0.039
0.036,0.505,0.228,0.125,0.101,0.111,0.196,0.333,0.334,0.382,0.352,0.208
0.037,0.463,0.312,0.169,0.137,0.165,0.158,0.177,0.207,0.25,0.267,0.066
0.036,0.413,0.28,0.157,0.183,0.153,0.151,0.174,0.242,0.246,0.264,0.077
0.04,0.442,0.541,0.185,0.21,0.195,0.212,0.257,0.383,0.238,0.374,0.074
0.039,0.427,0.385,0.177,0.19,0.141,0.186,0.355,0.439,0.315,0.398,0.074
0.037,0.481,0.474,0.161,0.215,0.139,0.232,0.315,0.434,0.458,0.326,0.07
0.039,0.041,0.041,0.041,0.038,0.04,0.037,0.039,0.039,0.034,0.045,0.04
37 PS,4374,4374,4381,4381,4402,4402,4408,4408,4417,4417,
0.036,0.036,0.035,0.037,0.036,0.038,0.039,0.035,0.037,0.038,0.037,0.037
0.039,0.654,0.619,0.19,0.254,0.237,0.374,0.514,0.533,0.245,0.201,0.289
0.036,0.511,0.476,0.183,0.183,0.264,0.336,0.403,0.394,0.192,0.217,0.08
0.039,0.411,0.412,0.209,0.173,0.236,0.292,0.497,0.359,0.165,0.162,0.073
0.036,0.788,0.733,0.217,0.263,0.388,0.573,0.41,0.643,0.215,0.347,0.074
0.039,0.636,0.921,0.287,0.184,0.435,0.519,0.472,0.567,0.22,0.396,0.088
0.038,0.593,1.175,0.321,0.297,0.542,0.597,0.961,0.677,0.45,0.471,0.079
0.039,0.047,0.038,0.038,0.038,0.04,0.039,0.04,0.042,0.037,0.037,0.046
37 PS,4418,4418,4419,4419,4422,4422,4431,4431,6101,6101,
0.034,0.035,0.039,0.035,0.038,0.035,0.036,0.041,0.035,0.033,0.034,0.034
0.038,0.321,0.41,0.218,0.257,0.526,0.711,0.384,0.643,1.086,1.421,0.309
0.039,0.4,0.482,0.252,0.237,0.387,0.407,0.468,0.89,1.062,1.421,2.136
0.037,0.265,0.413,0.242,0.252,0.257,0.839,0.509,0.856,1.109,1.624,0.111
0.036,0.429,0.346,0.224,0.182,0.504,0.435,0.546,0.776,1.100,2.277,0.077
0.036,0.865,0.368,0.21,0.163,0.562,0.604,0.619,0.573,1.256,2.523,0.086
0.036,0.937,1.35,0.308,0.23,1.251,0.502,1.514,0.588,2.692,2.71,0.074
0.042,0.036,0.037,0.037,0.039,0.037,0.037,0.039,0.036,0.034,0.039,0.036
37 PS,4437,4437,4443,4443,4444,4444,4460,4460,4469,4469,
0.034,0.038,0.037,0.035,0.036,0.039,0.037,0.041,0.04,0.033,0.034,0.034
0.037,0.221,0.433,0.285,0.297,0.35,0.799,0.27,0.229,0.32,0.571,0.159
0.04,0.186,0.17,0.188,0.255,0.266,0.257,0.15,0.196,0.253,0.387,0.124
0.037,0.18,0.171,0.168,0.258,0.284,0.279,0.169,0.242,0.236,0.337,0.153
0.037,0.152,0.277,0.385,0.363,0.406,0.249,0.168,0.236,0.256,0.81,0.147
0.037,0.209,0.316,0.249,0.335,0.431,0.159,0.164,0.154,0.235,0.832,0.172
0.036,0.317,0.371,0.325,0.289,0.6,0.186,0.366,0.392,0.521,0.711,0.127
0.039,0.042,0.037,0.039,0.039,0.041,0.044,0.041,0.037,0.037,0.04,0.038
37 PS,4484,4484,4504,4504,4508,4508,4510,4510,4512,4512,
0.035,0.036,0.037,0.038,0.038,0.042,0.038,0.04,0.037,0.037,0.04,0.044
0.036,0.342,0.47,0.777,0.336,0.498,0.191,0.908,0.579,1.053,0.884,0.159
0.04,0.178,0.176,0.579,0.466,0.286,0.365,0.438,0.452,0.503,0.771,0.098
0.037,0.199,0.208,0.442,0.436,0.25,0.295,0.445,0.429,0.484,0.891,0.096
0.041,0.43,0.48,0.48,0.639,0.198,0.236,0.405,0.709,0.448,0.539,0.097
0.04,0.575,0.453,0.46,0.867,0.264,0.304,0.84,0.894,0.678,0.381,0.169
0.041,1.005,0.538,0.918,1.211,0.814,0.385,0.621,1.553,1.942,0.492,0.143
0.039,0.038,0.047,0.042,0.041,0.041,0.045,0.041,0.041,0.041,0.044,0.047
37 PS,4513,4513,4516,4516,4517,4517,4519,4519,4520,4520,
0.037,0.039,0.037,0.038,0.036,0.035,0.04,0.036,0.038,0.034,0.035,0.037
0.04,0.249,0.171,0.57,0.75,0.221,0.326,0.2,0.158,0.338,0.467,0.25
0.037,0.167,0.152,0.474,0.792,0.219,0.291,0.152,0.162,0.245,0.426,0.094
0.041,0.202,0.158,0.534,0.682,0.271,0.581,0.302,0.209,0.229,0.51,0.11
0.037,0.169,0.815,0.432,1.34,0.241,0.415,0.165,0.183,0.246,0.195,0.151
0.039,0.25,1.176,0.379,1.293,0.282,0.645,0.21,0.199,0.392,0.18,0.105
0.038,0.317,0.903,0.667,1.387,0.531,0.701,0.271,0.336,0.49,0.18,0.096
0.039,0.038,0.04,0.042,0.037,0.042,0.039,0.04,0.037,0.037,0.036,0.037
37 PS,4521,4521,4523,4523,4524,4524,4525,4525,4526,4526,
0.038,0.035,0.036,0.037,0.042,0.041,0.036,0.04,0.038,0.039,0.042,0.04
0.037,0.141,0.25,0.281,0.457,0.379,0.415,0.382,0.456,0.251,0.323,0.082
0.037,0.253,0.559,0.458,0.467,0.233,0.236,0.419,0.413,0.201,0.265,0.094
0.039,0.13,0.668,0.585,0.509,0.257,0.266,0.446,0.387,0.199,0.267,0.082
0.041,0.15,0.17,0.276,0.584,0.168,0.506,0.4,0.161,0.273,0.145,0.075
0.039,0.248,0.148,0.488,0.573,0.282,0.595,0.482,0.211,0.291,0.109,0.077
0.037,0.347,0.174,0.951,0.951,0.903,1.006,0.54,0.348,0.221,0.146,0.081
0.04,0.039,0.037,0.039,0.04,0.04,0.042,0.039,0.039,0.037,0.04,0.04
37 PS,4527,4527,4528,4528,4529,4529,4530,4530,4531,4531,
0.037,0.038,0.035,0.039,0.037,0.043,0.04,0.037,0.04,0.04,0.037,0.051
0.039,0.308,0.29,0.285,0.49,0.19,0.215,0.276,0.269,0.254,0.214,0.075
0.04,0.236,0.38,0.201,0.243,0.139,0.146,0.158,0.19,0.092,0.168,0.078
0.039,0.19,0.251,0.175,0.294,0.14,0.294,0.298,0.19,0.144,0.166,0.074
0.037,0.26,0.14,0.186,0.185,0.131,0.176,0.186,1.98,0.25,0.186,0.086
0.037,0.246,0.213,0.209,0.18,0.154,0.226,0.196,1.683,0.275,0.2,0.081
0.037,0.465,0.226,0.265,0.577,0.205,0.481,0.407,0.736,0.281,0.178,0.07
0.037,0.038,0.037,0.041,0.037,0.041,0.038,0.043,0.042,0.034,0.038,0.043
37 PS,4532,4532,4533,4533,4535,4535,4536,4536,4537,4537,
0.036,0.035,0.035,0.035,0.035,0.037,0.04,0.037,0.034,0.035,0.035,0.039
0.035,0.16,0.229,0.349,0.251,0.857,0.516,0.706,0.804,0.267,0.249,0.112
0.04,0.128,0.178,0.198,0.177,0.965,0.7,0.639,0.619,0.165,0.196,0.076
0.037,0.169,0.283,0.323,0.252,1.386,0.992,0.994,1.126,0.213,0.225,0.082
0.037,0.156,1.102,0.191,0.409,0.851,3.785,1.023,1.245,0.315,0.305,0.16
0.037,0.141,1.003,0.161,0.231,0.901,3.869,0.746,0.996,0.238,0.332,0.11
0.036,0.177,0.814,0.272,0.355,0.997,3.327,0.919,0.986,0.382,0.295,0.119
0.037,0.037,0.039,0.038,0.047,0.039,0.038,0.039,0.038,0.037,0.037,0.048
37 PS,4538,4538,4539,4539,4540,4540,4571,4571,4584,4584,
0.038,0.041,0.037,0.037,0.036,0.039,0.038,0.037,0.036,0.039,0.037,0.039
0.036,0.276,0.225,0.301,0.381,0.254,0.314,0.327,0.477,0.831,0.874,0.087
0.037,0.27,0.269,0.214,0.246,0.226,0.306,0.3,0.251,0.559,0.528,0.082
0.036,0.239,0.267,0.244,0.233,0.234,0.363,0.388,0.406,0.649,0.785,0.096
0.038,0.218,0.159,0.188,0.181,0.287,0.288,0.226,0.616,0.245,0.624,0.09
0.036,0.226,0.237,0.172,0.116,0.295,0.173,0.232,0.334,0.54,0.255,0.106
0.037,0.285,0.227,0.399,0.379,0.568,0.188,0.189,0.378,0.578,0.286,0.084
0.04,0.042,0.042,0.041,0.039,0.041,0.038,0.039,0.04,0.034,0.045,0.04
37 PS,4617,4617,4642,4642,4644,4644,4730,4730,6101,6101,
0.037,0.038,0.036,0.037,0.037,0.038,0.036,0.035,0.037,0.038,0.038,0.038
0.039,0.198,0.298,0.152,0.173,0.364,0.521,0.175,0.303,1.857,2.222,0.101
0.037,0.166,0.211,0.176,0.181,0.171,0.401,0.236,0.372,2.066,2.049,0.108
0.037,0.243,0.227,0.189,0.181,0.226,0.328,0.212,0.277,2.344,2.646,0.121
0.037,0.156,0.288,0.173,0.086,0.143,0.17,0.293,0.133,2.401,1.944,0.104
0.042,0.19,0.268,0.175,0.128,0.342,0.158,0.252,0.101,2.229,2.495,0.107
0.039,0.229,0.405,0.252,0.16,0.405,0.246,0.357,0.135,2.324,2.763,0.115
0.039,0.048,0.039,0.039,0.038,0.04,0.04,0.039,0.043,0.037,0.038,0.047
37 PS,4734,4734,4739,4739,4740,4740,4743,4743,4766,4766,
0.035,0.037,0.039,0.041,0.037,0.038,0.038,0.036,0.036,0.085,0.045,0.041
0.036,0.25,0.392,0.325,0.387,0.389,0.551,0.504,0.523,0.447,1.017,0.131
0.037,0.168,0.203,0.202,0.352,0.227,0.379,0.313,0.361,0.293,0.782,0.124
0.035,0.158,0.21,0.21,0.406,0.22,0.349,0.204,0.298,0.427,0.838,0.137
0.035,0.124,0.227,0.104,0.122,0.228,0.253,0.166,0.401,0.268,1.606,0.098
0.036,0.225,0.195,0.142,0.141,0.19,0.239,0.192,0.384,0.256,1.243,0.093
0.035,0.247,0.372,0.154,0.296,0.281,0.461,0.365,0.51,0.441,1.384,0.097
0.038,0.039,0.037,0.037,0.038,0.039,0.039,0.04,0.038,0.038,0.037,0.041
37 PS,4774,4774,4786,4786,4792,4792,4807,4807,4809,4809,
0.037,0.036,0.036,0.037,0.038,0.037,0.049,0.036,0.035,0.035,0.036,0.039
0.038,0.251,0.464,0.244,0.447,0.414,0.551,0.352,0.365,0.318,0.562,0.136
0.037,0.238,0.34,0.355,0.498,0.375,0.518,0.313,0.457,0.377,0.535,0.142
0.037,0.204,0.474,0.227,0.517,0.395,0.504,0.194,0.38,0.15,0.598,0.105
0.036,0.222,0.263,0.419,0.374,0.239,0.373,0.222,0.507,0.259,0.651,0.099
0.108,0.258,0.259,0.253,0.313,0.218,0.354,0.196,0.395,0.285,0.364,0.13
0.039,0.531,0.38,0.246,0.291,0.32,0.293,0.364,0.466,0.473,0.389,0.078
0.04,0.035,0.036,0.039,0.039,0.038,0.04,0.039,0.044,0.041,0.039,0.048
37 PS,4810,4810,4833,4833,4947,4947,4951,4951,4952,4952,
0.037,0.082,0.038,0.044,0.038,0.102,0.055,0.063,0.063,0.059,0.05,0.058
0.043,0.283,0.406,0.299,0.33,0.402,0.353,0.357,0.329,0.348,0.773,0.036
0.05,0.316,0.247,0.154,0.203,0.199,0.251,0.258,0.262,0.142,0.322,0.036
0.072,0.283,0.263,0.274,0.293,0.265,0.301,0.244,0.393,0.218,0.285,0.035
0.084,0.301,0.242,0.797,0.276,0.217,0.654,0.209,0.284,2.006,0.374,0.035
0.037,0.636,0.416,0.977,0.434,0.34,0.48,0.259,0.305,1.337,0.442,0.039
0.041,0.865,0.207,0.462,0.169,0.89,1.792,1.417,0.58,2.034,0.897,0.037
0.039,0.035,0.039,0.04,0.041,0.056,0.044,0.043,0.045,0.039,0.035,0.04
37 PS,4953,4953,4954,4954,4955,4955,4956,4956,4957,4957,
0.051,0.035,0.034,0.047,0.253,0.053,0.035,0.207,0.044,0.041,0.041,0.108
0.038,0.4,0.228,0.227,0.249,0.354,0.202,0.217,0.342,0.218,0.266,0.125
0.039,0.238,0.224,0.184,0.386,0.27,0.146,0.214,0.248,0.176,0.165,0.094
0.036,0.261,0.273,0.194,0.224,0.293,0.219,0.124,0.17,0.18,0.159,0.093
0.038,0.272,0.152,0.806,0.195,0.298,0.303,0.193,0.279,0.907,0.204,0.101
0.04,0.341,0.232,0.233,0.304,0.358,0.343,0.238,0.315,0.925,0.244,0.09
0.036,0.396,0.348,0.651,0.38,0.496,0.889,0.897,0.579,0.458,0.283,0.079
0.037,0.038,0.039,0.045,0.039,0.042,0.038,0.301,0.039,0.042,0.037,0.103
37 PS,4958,4958,4960,4960,4961,4961,4962,4962,4963,4963,
0.038,0.036,0.036,0.036,0.04,0.041,0.037,0.049,0.037,0.044,0.044,0.04
0.037,0.335,0.389,0.177,0.24,0.179,0.195,0.22,0.351,0.137,0.255,0.091
0.037,0.207,0.293,0.204,0.308,0.185,0.365,0.216,0.758,0.268,0.237,0.108
0.039,0.242,0.3,0.231,0.47,0.183,0.36,0.233,0.624,0.27,0.255,0.089
0.037,0.432,0.281,0.919,0.25,0.328,0.188,0.462,0.506,0.357,0.46,0.088
0.038,0.436,0.28,0.866,0.246,0.308,0.226,0.443,0.314,0.299,0.336,0.091
0.037,0.475,0.532,0.774,0.297,0.521,0.203,0.339,0.261,0.315,0.162,0.078
0.04,0.039,0.04,0.039,0.04,0.04,0.042,0.04,0.041,0.037,0.04,0.041
37 PS,4965,4965,4966,4966,4967,4967,4968,4968,4969,4969,
0.034,0.035,0.038,0.036,0.041,0.037,0.036,0.04,0.035,0.034,0.036,0.036
0.037,0.68,0.378,0.165,0.185,0.119,0.373,0.276,0.26,0.297,0.539,0.097
0.04,0.628,0.873,0.208,0.225,0.212,0.286,0.204,0.197,0.237,0.583,0.106
0.026,0.591,0.989,0.236,0.223,0.177,0.306,0.208,0.276,0.264,0.533,0.102
0.036,1.181,1.858,0.3,0.269,0.219,0.261,0.222,0.406,0.442,1.299,0.085
0.038,0.951,1.748,0.34,0.206,0.213,0.279,0.193,0.29,0.434,1.295,0.091
0.037,1.043,1.835,0.381,0.354,0.331,0.425,0.264,0.422,0.521,1.299,0.084
0.039,0.038,0.038,0.038,0.038,0.039,0.042,0.04,0.037,0.036,0.039,0.038
37 PS,4970,4970,4971,4971,4972,4972,4973,4973,4974,4974,
0.037,0.039,0.035,0.036,0.036,0.034,0.036,0.035,0.036,0.033,0.034,0.036
0.038,0.219,0.236,0.226,0.223,0.271,0.247,0.223,0.276,0.29,0.758,0.117
0.038,0.184,0.286,0.149,0.224,0.128,0.196,0.147,0.271,0.2,0.448,0.115
0.039,0.191,0.217,0.161,0.293,0.135,0.175,0.157,0.311,0.204,0.572,0.111
0.037,0.202,0.679,0.253,0.185,0.138,0.116,0.164,0.133,0.147,0.296,0.096
0.039,0.216,0.602,0.188,0.158,0.175,0.147,0.201,0.162,0.178,0.328,0.091
0.04,0.205,0.485,0.251,0.177,0.276,0.285,0.175,0.128,0.234,0.222,0.092
0.04,0.039,0.038,0.039,0.039,0.041,0.039,0.039,0.037,0.037,0.036,0.037
37 PS,4975,4975,4976,4976,4977,4977,4978,4978,6101,6101,
0.036,0.033,0.035,0.034,0.035,0.037,0.039,0.039,0.04,0.034,0.043,0.037
0.036,0.295,0.442,0.249,0.348,0.275,0.355,0.34,0.528,0.882,1.457,0.109
0.038,0.182,0.21,0.188,0.265,0.228,0.465,0.225,0.492,0.858,1.256,0.144
0.037,0.221,0.179,0.191,0.281,0.232,0.262,0.268,0.376,1.018,1.965,0.129
0.036,0.184,0.203,0.159,0.19,0.165,0.727,0.232,0.756,0.475,1.708,0.096
0.038,0.249,0.237,0.198,0.218,0.184,0.568,0.184,0.67,0.7,1.968,0.08
0.037,0.377,0.395,0.297,0.265,0.405,0.641,0.39,0.933,1.013,2.244,0.089
0.446,0.042,0.035,0.036,0.099,0.043,0.033,0.042,0.037,0.034,0.037,0.041
37 PS,4979,4979,4980,4980,4981,4981,4982,4982,4985,4985,
0.038,0.043,0.037,0.036,0.037,0.034,0.036,0.035,0.035,0.034,0.035,0.036
0.038,0.118,0.197,0.141,0.111,0.152,0.21,0.15,0.128,0.251,0.362,0.09
0.039,0.112,0.1,0.133,0.13,0.137,0.125,0.091,0.101,0.222,0.408,0.099
0.04,0.156,0.101,0.145,0.126,0.123,0.124,0.119,0.116,0.237,0.362,0.095
0.038,0.147,0.106,0.328,0.106,0.254,0.199,0.099,0.16,0.233,0.162,0.077
0.045,0.156,0.101,0.364,0.131,0.176,0.219,0.109,0.195,0.235,0.185,0.098
0.041,0.145,0.203,0.245,0.15,0.229,0.127,0.108,0.183,0.29,0.216,0.079
0.042,0.039,0.04,0.039,0.039,0.04,0.038,0.038,0.037,0.042,0.036,0.037
37 PS,4987,4987,4988,4988,4989,4989,5007,5007,5008,5008,
0.035,0.035,0.038,0.036,0.04,0.046,0.036,0.044,0.038,0.034,0.034,0.036
0.037,0.13,0.283,0.223,0.284,0.259,0.459,0.324,0.347,0.177,0.316,0.104
0.041,0.144,0.104,0.104,0.114,0.271,0.281,0.178,0.16,0.088,0.217,0.083
0.035,0.184,0.117,0.098,0.114,0.233,0.25,0.159,0.167,0.09,0.171,0.084
0.038,0.191,0.109,0.194,0.122,0.274,0.179,0.264,0.18,0.107,0.162,0.083
0.037,0.113,0.171,0.13,0.125,0.302,0.244,0.238,0.188,0.114,0.218,0.093
0.043,0.145,0.218,0.191,0.199,0.334,0.294,0.322,0.363,0.22,0.245,0.086
0.039,0.039,0.038,0.04,0.039,0.042,0.04,0.04,0.036,0.036,0.064,0.038
37 PS,5010,5010,5023,5023,5024,5024,5026,5026,5030,5030,
0.038,0.036,0.036,0.036,0.038,0.035,0.037,0.049,0.039,0.041,0.035,0.039
0.037,0.221,0.208,0.092,0.093,0.221,0.14,0.203,0.269,0.299,0.289,0.089
0.037,0.171,0.169,0.087,0.083,0.112,0.092,0.184,0.217,0.252,0.359,0.094
0.04,0.162,0.142,0.073,0.07,0.091,0.089,0.173,0.17,0.223,0.284,0.085
0.041,0.382,0.142,0.288,0.104,0.177,0.114,0.12,0.215,0.268,0.168,0.098
0.042,0.237,0.174,0.162,0.087,0.111,0.122,0.162,0.429,0.293,0.371,0.097
0.037,0.283,0.274,0.271,0.123,0.186,0.187,0.195,0.462,0.298,0.293,0.078
0.042,0.042,0.04,0.039,0.039,0.043,0.044,0.041,0.041,0.039,0.041,0.041
37 PS,5031,5031,5033,5033,5043,5043,5044,5044,5047,5047,
0.036,0.034,0.034,0.036,0.036,0.038,0.04,0.039,0.04,0.033,0.044,0.037
0.036,0.341,0.389,0.202,0.238,0.128,0.151,0.193,0.207,0.28,0.412,0.079
0.038,0.175,0.311,0.152,0.162,0.094,0.122,0.164,0.163,0.234,0.43,0.074
0.038,0.213,0.174,0.156,0.133,0.082,0.099,0.183,0.146,0.197,0.355,0.077
0.036,0.273,0.292,0.426,0.168,0.296,0.127,0.421,0.177,0.311,0.265,0.081
0.037,0.347,0.254,0.499,0.181,0.426,0.154,0.462,0.221,0.382,0.249,0.075
0.04,0.734,0.501,0.309,0.275,0.248,0.282,0.344,0.324,0.659,0.293,0.075
0.041,0.038,0.041,0.04,0.045,0.04,0.04,0.043,0.045,0.054,0.04,0.041
37 PS,5062,5062,5063,5063,5066,5066,5084,5084,5084,5084,
0.037,0.036,0.035,0.037,0.038,0.037,0.036,0.036,0.035,0.035,0.041,0.039
0.036,0.249,0.272,0.248,0.226,0.338,0.313,0.288,0.24,0.193,0.273,0.087
0.037,0.224,0.261,0.233,0.235,0.233,0.289,0.165,0.209,0.171,0.198,0.074
0.038,0.213,0.273,0.209,0.192,0.335,0.301,0.156,0.157,0.156,0.22,0.078
0.039,0.299,0.469,0.334,0.367,0.171,0.79,0.363,1.084,0.314,0.204,0.099
0.04,0.381,0.463,0.598,0.319,0.226,0.985,0.393,1.028,0.401,0.326,0.09
0.039,0.322,0.257,0.303,0.304,0.312,0.891,0.4,0.676,0.457,0.484,0.108
0.038,0.035,0.036,0.039,0.039,0.038,0.04,0.039,0.044,0.04,0.039,0.041
37 PS,5089,5089,5090,5090,5091,5091,5092,5092,5093,5093,
0.037,0.038,0.036,0.038,0.038,0.04,0.039,0.04,0.039,0.038,0.039,0.061
0.04,0.191,0.202,0.84,0.43,0.297,0.279,0.186,0.225,0.168,0.27,0.085
0.038,0.143,0.136,0.756,0.475,0.306,0.303,0.155,0.154,0.131,0.215,0.084
0.039,0.136,0.127,0.82,0.474,0.264,0.318,0.149,0.143,0.135,0.176,0.088
0.043,0.17,0.141,0.52,0.288,0.372,0.286,0.537,0.174,0.148,0.34,0.086
0.036,0.228,0.208,0.58,0.333,0.485,0.301,0.333,0.157,0.323,0.345,0.084
0.042,0.251,0.257,0.629,0.358,0.489,0.404,0.351,0.289,0.341,0.278,0.075
0.038,0.037,0.038,0.04,0.044,0.047,0.044,0.043,0.043,0.039,0.035,0.04
37 PS,5093,5093,5094,5094,5095,5095,5096,5096,5096,5096,
0.037,0.038,0.037,0.04,0.038,0.037,0.037,0.037,0.036,0.037,0.042,0.041
0.036,0.47,0.213,0.326,0.351,0.218,0.234,0.401,0.328,0.305,0.349,0.085
0.037,0.129,0.157,0.212,0.252,0.112,0.125,0.252,0.285,0.223,0.259,0.076
0.037,0.125,0.129,0.205,0.209,0.096,0.121,0.285,0.285,0.215,0.316,0.084
0.039,0.163,0.174,0.161,0.182,0.215,0.101,0.345,0.336,0.265,0.304,0.084
0.036,0.219,0.236,0.196,0.253,0.186,0.145,0.296,0.441,0.275,0.352,0.074
0.036,0.246,0.229,0.25,0.319,0.204,0.205,0.362,0.399,0.324,0.445,0.081
0.039,0.038,0.037,0.037,0.038,0.04,0.043,0.04,0.038,0.038,0.039,0.043
37 PS,5097,5097,5098,5098,5100,5100,5113,5113,5217,5217,
0.037,0.034,0.034,0.048,0.036,0.042,0.039,0.041,0.036,0.044,0.039,0.048
0.036,0.342,0.366,0.356,0.35,0.206,0.195,0.252,0.269,0.226,0.229,0.079
0.038,0.225,0.246,0.277,0.237,0.169,0.161,0.178,0.185,0.117,0.115,0.081
0.036,0.269,0.204,0.261,0.237,0.157,0.147,0.159,0.171,0.102,0.107,0.083
0.046,0.363,0.203,0.241,0.274,0.17,0.136,0.156,0.204,0.148,0.191,0.085
0.05,0.32,0.213,0.299,0.336,0.196,0.157,0.177,0.22,0.17,0.223,0.086
0.036,0.435,0.405,0.377,0.281,0.204,0.243,0.261,0.254,0.178,0.259,0.08
0.04,0.037,0.037,0.042,0.04,0.048,0.073,0.074,0.039,0.068,0.039,0.051
37 PS,5436,5436,5539,5539,5541,5541,5541,5541,5542,5542,
0.034,0.033,0.034,0.034,0.034,0.034,0.034,0.035,0.033,0.053,0.036,0.035
0.037,0.177,0.183,0.229,0.169,0.346,0.543,0.351,0.424,0.184,0.219,0.077
0.034,0.136,0.121,0.138,0.125,0.297,0.313,0.249,0.371,0.114,0.135,0.081
0.036,0.133,0.125,0.146,0.119,0.296,0.454,0.301,0.364,0.109,0.126,0.083
0.035,0.157,0.18,0.124,0.184,0.524,0.599,0.427,0.356,0.118,0.182,0.072
0.036,0.145,0.16,0.158,0.212,0.462,0.52,0.425,0.417,0.168,0.287,0.073
0.036,0.197,0.265,0.197,0.272,0.631,0.601,0.625,0.443,0.205,0.291,0.081
0.037,0.037,0.034,0.035,0.036,0.036,0.05,0.036,0.035,0.037,0.036,0.035
37 PS,5543,5543,5545,5545,5553,5553,5554,5554,5555,5555,
0.035,0.036,0.037,0.039,0.039,0.037,0.046,0.04,0.038,0.043,0.038,0.045
0.036,0.257,0.269,0.188,0.17,0.286,0.203,0.199,0.205,0.196,0.257,0.076
0.039,0.172,0.169,0.139,0.123,0.214,0.154,0.121,0.112,0.127,0.145,0.07
0.036,0.201,0.16,0.139,0.119,0.208,0.14,0.122,0.147,0.113,0.156,0.078
0.041,0.202,0.149,0.14,0.248,0.383,0.33,0.138,0.185,0.131,0.183,0.075
0.043,0.211,0.184,0.139,0.231,0.348,0.35,0.145,0.22,0.163,0.168,0.075
0.042,0.321,0.298,0.23,0.272,0.403,0.405,0.248,0.326,0.268,0.194,0.083
0.038,0.039,0.048,0.042,0.041,0.044,0.044,0.041,0.047,0.042,0.043,0.05
37 PS,2164,2164,2166,2166,2180,2180,2195,2195,6101,6101,
0.033,0.032,0.032,0.033,0.033,0.034,0.033,0.033,0.032,0.03,0.031,0.032
0.039,3.38,2.71,0.54,0.804,0.314,0.46,0.359,0.486,0.505,0.818,0.071
0.038,1.888,1.977,0.415,0.48,0.323,0.514,0.158,0.14,0.44,0.451,0.067
0.038,1.736,2.256,0.37,0.527,0.382,0.356,0.166,0.14,0.479,0.487,0.062
0.034,1.53,1.495,0.765,0.678,0.954,0.302,0.284,0.18,0.358,0.234,0.06
0.039,1.751,1.791,0.612,0.676,0.667,0.2,0.214,0.15,0.559,0.307,0.063
0.039,2.719,1.709,1.41,0.466,1.05,0.192,0.573,0.196,1.033,0.517,0.059
0.035,0.034,0.034,0.035,0.035,0.039,0.035,0.035,0.034,0.033,0.032,0.067
37 PS,2197,2197,2198,2198,2202,2202,2209,2209,2210,2210,
0.033,0.032,0.033,0.033,0.033,0.033,0.033,0.034,0.035,0.031,0.032,0.032
0.04,0.519,0.284,0.581,0.53,0.429,0.697,0.312,0.241,0.373,0.392,0.063
0.038,0.206,0.168,0.468,0.404,0.374,0.485,0.166,0.102,0.253,0.219,0.066
0.037,0.186,0.147,0.424,0.541,0.49,0.392,0.181,0.106,0.243,0.208,0.063
0.034,0.394,0.155,0.711,0.408,0.634,0.152,0.257,0.106,0.434,0.116,0.064
0.034,0.311,0.129,0.919,0.312,0.464,0.109,0.179,0.097,0.317,0.116,0.063
0.042,0.271,0.146,0.743,0.299,0.647,0.164,0.336,0.103,0.499,0.197,0.062
0.034,0.034,0.035,0.035,0.035,0.036,0.036,0.035,0.034,0.032,0.035,0.061
37 PS,2221,2221,2225,2225,2226,2226,2251,2251,2272,2272,
0.033,0.032,0.032,0.033,0.033,0.033,0.032,0.033,0.032,0.03,0.032,0.032
0.037,0.188,0.193,0.317,0.245,0.14,0.247,0.297,0.278,0.431,0.442,0.088
0.037,0.104,0.111,0.236,0.192,0.078,0.208,0.146,0.144,0.242,0.165,0.074
0.037,0.106,0.139,0.217,0.223,0.095,0.208,0.147,0.141,0.194,0.183,0.063
0.034,0.191,0.131,0.316,0.149,0.204,0.206,0.252,0.135,0.366,0.106,0.07
0.034,0.162,0.111,0.334,0.123,0.119,0.236,0.225,0.136,0.318,0.115,0.062
0.034,0.225,0.128,0.372,0.169,0.264,0.278,0.397,0.153,0.471,0.136,0.065
0.034,0.035,0.035,0.035,0.036,0.034,0.035,0.035,0.035,0.031,0.033,0.055
37 PS,2283,2283,2319,2319,2323,2323,2493,2493,2520,2520,
0.033,0.032,0.032,0.033,0.033,0.033,0.032,0.034,0.032,0.03,0.032,0.032
0.038,0.183,0.211,0.434,0.433,0.193,0.21,0.264,0.282,0.337,0.51,0.071
0.039,0.154,0.116,0.341,0.327,0.095,0.09,0.323,0.534,0.258,0.165,0.069
0.038,0.19,0.122,0.37,0.355,0.109,0.109,0.281,0.914,0.303,0.258,0.075
0.035,0.223,0.219,0.438,0.399,0.3,0.155,1.788,0.597,0.668,0.217,0.062
0.034,0.226,0.186,0.336,0.327,0.356,0.123,1.902,0.683,0.602,0.165,0.062
0.034,0.413,0.116,0.503,0.309,0.432,0.138,1.529,0.788,0.998,0.27,0.072
0.034,0.035,0.035,0.038,0.035,0.034,0.035,0.035,0.033,0.031,0.033,0.058
37 PS,2555,2555,2560,2560,2568,2568,2572,2572,2583,2583,
0.033,0.032,0.032,0.033,0.033,0.033,0.032,0.033,0.032,0.03,0.032,0.032
0.037,0.206,0.321,0.251,0.261,0.308,0.228,0.425,0.354,0.179,0.326,0.072
0.037,0.16,0.116,0.115,0.097,0.195,0.354,0.351,0.283,0.16,0.176,0.075
0.037,0.287,0.231,0.15,0.141,0.172,0.174,0.309,0.266,0.161,0.137,0.071
0.034,0.372,0.14,0.279,0.143,0.282,0.204,0.298,0.136,0.256,0.1,0.085
0.034,0.183,0.114,0.169,0.09,0.211,0.157,0.273,0.105,0.186,0.091,0.07
0.034,0.367,0.205,0.264,0.122,0.221,0.145,0.478,0.135,0.264,0.132,0.064
0.034,0.035,0.034,0.035,0.035,0.035,0.035,0.035,0.033,0.032,0.033,0.083
37 PS,2588,2588,2626,2626,2629,2629,2632,2632,2634,2634,
0.034,0.032,0.032,0.033,0.033,0.033,0.033,0.033,0.032,0.031,0.032,0.031
0.038,0.102,0.136,0.312,0.509,0.217,0.317,0.329,0.366,0.073,0.249,0.076
0.037,0.069,0.126,0.425,0.294,0.174,0.185,0.215,0.209,0.059,0.251,0.082
0.037,0.098,0.106,0.506,0.544,0.2,0.162,0.231,0.2,0.062,0.353,0.072
0.034,0.184,0.172,0.368,0.318,0.219,0.227,0.345,0.11,0.288,0.442,0.067
0.033,0.141,0.132,0.297,0.12,0.257,0.155,0.254,0.087,0.281,0.315,0.07
0.035,0.11,0.132,0.546,0.134,0.212,0.146,0.534,0.103,0.599,0.41,0.063
0.035,0.033,0.034,0.035,0.035,0.035,0.035,0.035,0.033,0.031,0.034,0.061
37 PS,2689,2689,2694,2694,2695,2695,2696,2696,2697,2697,
0.033,0.032,0.032,0.033,0.033,0.033,0.033,0.034,0.032,0.031,0.032,0.032
0.038,0.335,0.298,0.407,0.265,0.357,0.521,0.252,0.278,0.283,0.36,0.07
0.038,0.248,0.2,0.286,0.257,0.233,0.296,0.136,0.18,0.222,0.215,0.076
0.038,0.197,0.182,0.302,0.271,0.353,0.277,0.144,0.261,0.239,0.233,0.072
0.034,0.18,0.435,0.298,0.518,0.443,0.217,0.223,0.234,0.293,0.595,0.078
0.034,0.175,0.352,0.189,0.253,0.275,0.112,0.26,0.176,0.221,0.436,0.072
0.034,0.223,0.381,0.36,0.202,0.57,0.162,0.419,0.169,0.394,0.532,0.07
0.034,0.034,0.035,0.034,0.035,0.035,0.035,0.035,0.034,0.032,0.037,0.06
37 PS,2702,2702,2703,2703,2704,2704,2705,2705,2710,2710,
0.034,0.032,0.032,0.034,0.033,0.034,0.034,0.034,0.032,0.035,0.032,0.032
0.038,0.786,0.545,0.549,0.522,0.385,0.778,0.28,0.299,0.487,0.373,0.077
0.038,0.756,0.536,0.373,0.315,0.455,0.807,0.261,0.28,0.272,0.189,0.077
0.038,0.405,0.559,0.379,0.272,0.41,0.722,0.288,0.24,0.443,0.337,0.073
0.034,0.475,0.762,0.471,0.166,0.38,1.053,0.422,0.211,0.288,0.17,0.083
0.036,0.443,0.632,0.409,0.263,0.271,0.671,0.354,0.188,0.321,0.123,0.092
0.034,0.846,0.588,0.904,0.18,0.373,0.533,0.488,0.192,0.528,0.189,0.129
0.036,0.034,0.035,0.038,0.036,0.036,0.036,0.036,0.036,0.033,0.034,0.122
37 PS,2712,2712,2713,2713,2762,2762,2770,2770,2773,2773,
0.034,0.033,0.033,0.033,0.033,0.033,0.033,0.033,0.032,0.032,0.032,0.032
0.033,0.317,0.255,0.272,0.204,0.159,0.257,0.169,0.206,0.177,0.214,0.267
0.034,0.224,0.172,0.151,0.148,0.133,0.18,0.13,0.19,0.14,0.159,0.423
0.034,0.216,0.198,0.135,0.151,0.166,0.205,0.262,0.278,0.137,0.157,0.134
0.034,0.153,0.173,0.138,0.188,0.174,0.148,0.193,0.119,0.153,0.18,0.077
0.035,0.157,0.142,0.153,0.232,0.146,0.193,0.214,0.123,0.161,0.197,0.073
0.035,0.607,0.149,0.168,0.218,0.217,0.154,0.249,0.12,0.191,0.213,0.065
0.035,0.034,0.035,0.035,0.035,0.036,0.036,0.036,0.035,0.032,0.035,0.074
37 PS,2802,2802,2805,2805,2806,2806,2809,2809,2821,2821,
0.034,0.033,0.032,0.033,0.033,0.033,0.033,0.033,0.032,0.031,0.031,0.031
0.034,0.169,0.211,0.189,0.263,0.317,0.234,0.168,0.198,0.201,0.308,0.619
0.034,0.147,0.211,0.184,0.32,0.124,0.119,0.126,0.145,0.164,0.23,0.385
0.034,0.101,0.186,0.278,0.297,0.155,0.144,0.107,0.138,0.196,0.216,0.319
0.034,0.187,0.26,0.219,0.151,0.177,0.158,0.117,0.181,0.154,0.174,0.096
0.034,0.209,0.292,0.299,0.133,0.19,0.165,0.124,0.154,0.197,0.161,0.109
0.034,0.464,0.207,0.413,0.147,0.368,0.158,0.064,0.174,0.367,0.242,0.072
0.035,0.033,0.033,0.034,0.034,0.035,0.034,0.035,0.034,0.032,0.033,0.061
37 PS,2823,2823,2871,2871,2872,2872,3078,3078,3083,3083,
0.034,0.033,0.033,0.033,0.033,0.033,0.033,0.033,0.032,0.032,0.032,0.033
0.034,0.187,0.176,0.364,0.321,0.218,0.315,0.483,0.222,0.272,0.288,0.403
0.034,0.214,0.218,0.234,0.202,0.189,0.216,0.55,0.147,0.182,0.199,1.434
0.034,0.16,0.24,0.202,0.174,0.181,0.215,0.604,0.176,0.17,0.209,0.18
0.034,0.181,0.172,0.215,0.121,0.173,0.128,0.633,0.13,0.2,0.19,0.083
0.035,0.175,0.178,0.247,0.123,0.197,0.128,0.551,0.11,0.175,0.176,0.077
0.034,0.319,0.225,0.322,0.155,0.337,0.151,0.471,0.119,0.173,0.238,0.086
0.035,0.034,0.035,0.036,0.035,0.036,0.036,0.036,0.035,0.032,0.035,0.054
37 PS,3084,3084,3256,3256,3258,3258,3457,3457,3483,3483,
0.034,0.033,0.033,0.033,0.033,0.033,0.033,0.033,0.033,0.033,0.032,0.031
0.037,0.29,0.235,0.184,0.226,0.182,0.159,0.247,0.327,0.184,0.213,0.793
0.059,0.168,0.169,0.188,0.191,0.159,0.206,0.355,0.312,0.189,0.225,0.531
0.035,0.177,0.181,0.227,0.221,0.17,0.261,0.385,0.368,0.215,0.218,0.172
0.034,0.229,0.164,0.284,0.124,0.241,0.131,0.319,0.164,0.179,0.093,0.081
0.034,0.279,0.145,0.237,0.13,0.421,0.132,0.364,0.161,0.151,0.075,0.082
0.034,0.673,0.242,0.3,0.167,0.354,0.135,0.402,0.183,0.208,0.093,0.085
0.035,0.033,0.033,0.034,0.034,0.035,0.035,0.035,0.034,0.031,0.033,0.053
37 PS,3545,3545,3549,3549,3550,3550,3557,3557,3558,3558,
0.034,0.033,0.032,0.033,0.034,0.033,0.033,0.034,0.032,0.031,0.031,0.031
0.034,0.48,0.364,0.166,0.171,0.186,0.218,0.332,0.372,0.458,0.365,0.425
0.034,0.212,0.208,0.142,0.137,0.194,0.144,0.259,0.295,0.342,0.292,0.757
0.034,0.319,0.243,0.134,0.14,0.201,0.229,0.294,0.35,0.443,0.483,0.208
0.034,0.337,0.121,0.127,0.116,0.124,0.246,0.245,0.195,0.416,0.435,0.123
0.034,0.32,0.144,0.209,0.137,0.152,0.159,0.299,0.19,0.36,0.435,0.118
0.034,0.965,0.225,0.255,0.159,0.243,0.176,0.355,0.264,0.565,0.447,0.115
0.035,0.033,0.033,0.034,0.034,0.035,0.034,0.035,0.034,0.031,0.033,0.062
37 PS,3570,3570,3571,3571,3586,3586,3587,3587,3601,3601,
0.034,0.033,0.033,0.033,0.033,0.034,0.033,0.033,0.032,0.031,0.032,0.033
0.034,0.305,0.293,0.396,0.36,0.45,0.406,0.209,0.232,0.301,0.437,0.487
0.034,0.251,0.214,0.349,0.26,0.416,0.281,0.138,0.132,0.248,0.302,0.688
0.035,0.179,0.223,0.316,0.262,0.367,0.318,0.135,0.141,0.244,0.292,0.194
0.035,0.312,0.138,0.928,0.355,0.299,0.162,0.163,0.148,0.249,0.115,0.071
0.036,0.334,0.145,0.948,0.296,0.299,0.086,0.159,0.113,0.293,0.118,0.069
0.035,0.694,0.195,0.498,0.283,0.59,0.191,0.312,0.144,0.429,0.159,0.117
0.035,0.034,0.035,0.035,0.035,0.035,0.035,0.035,0.034,0.032,0.034,0.065
37 PS,3615,3615,3699,3699,3711,3711,3718,3718,3725,3725,
0.034,0.032,0.032,0.033,0.033,0.034,0.033,0.033,0.032,0.031,0.032,0.033
0.034,0.205,0.311,0.302,0.37,0.194,0.189,0.335,0.317,0.216,0.366,1.349
0.034,0.208,0.252,0.241,0.284,0.146,0.133,0.348,0.268,0.207,0.318,1.002
0.034,0.159,0.244,0.258,0.274,0.136,0.152,0.289,0.275,0.204,0.309,1.066
0.035,0.145,0.102,0.252,0.201,0.19,0.147,0.277,0.103,0.24,0.204,0.11
0.035,0.152,0.085,0.233,0.22,0.191,0.11,0.322,0.105,0.26,0.153,0.155
0.035,0.446,0.116,0.435,0.268,0.435,0.158,0.647,0.193,0.423,0.217,0.14
0.035,0.034,0.034,0.035,0.035,0.035,0.036,0.035,0.034,0.032,0.034,0.062
37 PS,4005,4005,4016,4016,4021,4021,3713,3713,6101,6101,
0.034,0.033,0.032,0.033,0.033,0.033,0.033,0.033,0.032,0.031,0.032,0.031
0.034,0.24,0.172,0.143,0.203,0.545,0.454,0.168,0.224,2.335,2.455,0.432
0.034,0.184,0.153,0.125,0.138,0.923,0.754,0.234,0.196,1.671,1.63,1.17
0.034,0.22,0.185,0.115,0.16,0.983,0.584,0.214,0.252,2.261,2.095,0.326
0.034,0.243,0.323,0.196,0.101,0.952,0.152,0.251,0.141,1.56,1.345,0.165
0.034,0.254,0.273,0.202,0.09,1.053,0.166,0.193,0.134,1.424,1.185,0.135
0.034,0.36,0.276,0.168,0.092,1.10,0.185,0.233,0.147,2.458,2.406,0.13
0.035,0.033,0.033,0.034,0.034,0.035,0.034,0.035,0.034,0.031,0.033,0.146
37 PS,6101,6101,4022,4022,4025,4025,4035,4035,4040,4040,
0.036,0.034,0.033,0.034,0.035,0.036,0.035,0.035,0.034,0.033,0.034,0.036
0.035,2.721,1.501,0.312,0.325,0.12,0.117,0.636,0.289,0.141,0.169,0.083
0.035,3.7,1.437,0.259,0.315,0.116,0.103,0.689,0.356,0.139,0.139,0.103
0.034,3.168,1.526,0.297,0.301,0.101,0.144,0.679,0.381,0.168,0.169,0.14
0.034,3.542,3.293,0.306,0.162,0.15,0.129,1.169,0.414,0.167,0.191,0.09
0.035,3.297,2.853,0.402,0.16,0.166,0.108,1.323,0.383,0.162,0.165,0.077
0.035,3.535,2.391,0.422,0.142,0.149,0.096,1.26,0.344,0.162,0.144,0.076
0.036,0.062,0.064,0.066,0.08,0.07,0.06,0.066,0.067,0.067,0.073,0.085
37 PS,4044,4044,4048,4048,4118,4118,4129,4129,4138,4138,
0.045,0.041,0.035,0.036,0.042,0.04,0.037,0.038,0.041,0.036,0.033,0.044
0.038,0.106,0.142,0.146,0.168,0.201,0.234,0.208,0.25,0.135,0.178,0.083
0.055,0.097,0.129,0.141,0.14,0.202,0.25,0.163,0.172,0.125,0.112,0.174
0.039,0.11,0.125,0.201,0.148,0.173,0.235,0.143,0.166,0.146,0.122,0.139
0.036,0.114,0.193,0.183,0.151,0.16,0.11,0.165,0.13,0.127,0.095,0.114
0.036,0.116,0.189,0.257,0.175,0.172,0.115,0.195,0.175,0.16,0.083,0.071
0.036,0.161,0.221,0.373,0.243,0.206,0.098,0.176,0.173,0.249,0.091,0.067
0.038,0.055,0.053,0.06,0.069,0.06,0.054,0.061,0.057,0.055,0.054,0.067
37 PS,4201,4201,4214,4214,4297,4297,4298,4298,4306,4306,
0.036,0.034,0.034,0.034,0.034,0.034,0.037,0.034,0.033,0.032,0.033,0.035
0.035,0.166,0.142,0.158,0.199,0.204,0.21,0.246,0.24,0.142,0.153,0.086
0.035,0.169,0.141,0.134,0.166,0.13,0.13,0.125,0.15,0.141,0.15,0.132
0.035,0.161,0.171,0.139,0.125,0.113,0.134,0.127,0.166,0.153,0.154,0.149
0.035,0.146,0.131,0.125,0.119,0.134,0.098,0.145,0.134,0.165,0.243,0.095
0.035,0.141,0.131,0.136,0.135,0.158,0.073,0.172,0.165,0.165,0.292,0.079
0.035,0.172,0.148,0.173,0.173,0.214,0.073,0.349,0.188,0.229,0.268,0.074
0.036,0.056,0.055,0.053,0.055,0.054,0.053,0.053,0.053,0.061,0.059,0.066
37 PS,4310,4310,4315,4315,4317,4317,4319,4319,4322,4322,
0.035,0.033,0.033,0.033,0.034,0.034,0.035,0.034,0.034,0.032,0.032,0.035
0.036,0.139,0.154,0.185,0.26,0.109,0.167,0.314,0.383,0.156,0.205,0.079
0.04,0.126,0.142,0.115,0.229,0.088,0.105,0.223,0.26,0.14,0.187,0.156
0.036,0.127,0.165,0.128,0.266,0.088,0.103,0.195,0.272,0.134,0.202,0.232
0.035,0.17,0.099,0.146,0.118,0.078,0.168,0.25,0.332,0.172,0.269,0.097
0.035,0.151,0.091,0.132,0.13,0.108,0.155,0.283,0.21,0.158,0.252,0.08
0.035,0.154,0.085,0.316,0.162,0.169,0.152,0.447,0.237,0.217,0.208,0.076
0.036,0.056,0.057,0.06,0.064,0.053,0.056,0.06,0.053,0.063,0.069,0.066
37 PS,4325,4325,4326,4326,4328,4328,4329,4329,4333,4333,
0.038,0.038,0.034,0.033,0.034,0.033,0.034,0.034,0.032,0.032,0.032,0.032
0.036,0.256,0.187,0.288,0.301,0.227,0.308,0.226,0.294,0.246,0.228,0.079
0.034,0.236,0.144,0.293,0.293,0.2,0.283,0.177,0.353,0.233,0.273,0.087
0.035,0.181,0.198,0.259,0.282,0.227,0.413,0.158,0.375,0.221,0.235,0.2
0.037,0.24,0.199,0.207,0.302,0.309,0.262,0.244,0.187,0.27,0.159,0.08
0.037,0.269,0.201,0.391,0.275,0.38,0.223,0.283,0.242,0.316,0.157,0.088
0.035,0.262,0.195,0.359,0.251,0.546,0.148,0.293,0.199,0.307,0.151,0.077
0.037,0.124,0.067,0.078,0.066,0.059,0.063,0.069,0.068,0.059,0.065,0.108
37 PS,4336,4336,4344,4344,4348,4348,4365,4365,4371,4371,
0.034,0.034,0.033,0.034,0.034,0.04,0.034,0.034,0.032,0.032,0.033,0.034
0.038,0.135,0.264,0.466,0.338,0.188,0.192,0.202,0.197,0.162,0.22,0.074
0.035,0.134,0.17,0.472,0.259,0.137,0.173,0.116,0.155,0.17,0.209,0.095
0.036,0.125,0.198,0.712,0.237,0.132,0.178,0.158,0.153,0.142,0.194,0.21
0.035,0.143,0.209,0.242,0.733,0.141,0.207,0.171,0.165,0.157,0.113,0.071
0.036,0.157,0.142,0.335,0.322,0.156,0.246,0.234,0.191,0.201,0.142,0.072
0.036,0.167,0.154,0.336,0.268,0.209,0.241,0.279,0.187,0.154,0.135,0.074
0.037,0.064,0.061,0.062,0.062,0.06,0.068,0.062,0.07,0.059,0.059,0.08
37 PS,4372,4372,4374,4374,4381,4381,4402,4402,4408,4408,
0.035,0.033,0.033,0.034,0.033,0.034,0.033,0.034,0.032,0.032,0.033,0.034
0.035,0.582,0.625,1.268,0.764,0.304,0.247,0.204,0.317,0.686,0.471,0.118
0.035,0.604,0.425,0.541,0.345,0.228,0.194,0.217,0.242,0.584,0.416,0.096
0.035,0.471,0.371,0.539,0.38,0.224,0.206,0.2,0.207,0.483,0.395,0.233
0.036,0.772,0.238,0.71,0.321,0.174,0.155,0.24,0.401,0.602,0.171,0.083
0.035,0.743,0.213,0.534,0.303,0.209,0.169,0.261,0.489,0.75,0.203,0.082
0.035,0.691,0.227,1.024,0.283,0.25,0.151,0.319,0.434,0.571,0.177,0.082
0.036,0.062,0.073,0.059,0.065,0.059,0.062,0.066,0.064,0.066,0.068,0.07
37 PS,4417,4417,4418,4418,4419,4419,4422,4422,4431,4431,
0.04,0.034,0.034,0.034,0.034,0.039,0.036,0.034,0.036,0.033,0.033,0.035
0.038,0.163,0.256,0.296,0.38,0.133,0.198,0.596,0.7,0.304,0.26,0.081
0.036,0.157,0.197,0.23,0.321,0.129,0.22,0.454,0.454,0.356,0.239,0.081
0.038,0.154,0.193,0.263,0.271,0.122,0.184,0.546,0.518,0.357,0.244,0.17
0.037,0.168,0.27,0.223,0.17,0.15,0.119,0.43,0.195,0.404,0.209,0.078
0.037,0.166,0.296,0.24,0.247,0.139,0.098,0.5,0.23,0.579,0.244,0.082
0.037,0.204,0.29,0.27,0.166,0.173,0.114,0.434,0.254,0.573,0.229,0.074
0.036,0.066,0.066,0.065,0.069,0.067,0.068,0.061,0.062,0.065,0.059,0.071
37 PS,4437,4437,4443,4443,4444,4444,4460,4460,6101,6101,
0.034,0.033,0.032,0.033,0.033,0.034,0.037,0.034,0.032,0.031,0.032,0.032
0.035,0.169,0.156,0.211,0.181,0.346,0.202,0.14,0.182,2.2,2.449,0.079
0.034,0.2,0.174,0.218,0.21,0.95,0.653,0.212,0.184,3.1,2.729,0.087
0.034,0.207,0.197,0.249,0.264,0.642,0.327,0.18,0.176,3.431,3.289,0.089
0.034,0.231,0.218,0.269,0.269,0.684,0.346,0.263,0.267,2.861,3.187,0.083
0.035,0.307,0.244,0.224,0.34,0.894,0.348,0.286,0.228,2.235,3.129,0.068
0.034,0.335,0.45,0.343,0.522,0.952,0.254,0.433,0.2,2.812,2.902,0.064
0.035,0.034,0.035,0.035,0.035,0.035,0.035,0.035,0.034,0.032,0.034,0.034
37 PS,4469,4469,4484,4484,4504,4504,4508,4508,4510,4510,
0.038,0.035,0.035,0.037,0.041,0.038,0.038,0.037,0.041,0.035,0.035,0.035
0.036,0.115,0.113,0.212,0.172,0.216,0.251,0.329,0.246,0.525,0.482,0.209
0.037,0.097,0.104,0.2,0.181,0.238,0.191,0.204,0.254,0.282,0.23,0.093
0.044,0.092,0.096,0.2,0.15,0.199,0.336,0.285,0.322,0.242,0.301,0.273
0.036,0.122,0.167,0.228,0.322,0.268,0.394,0.313,0.301,0.355,0.721,0.117
0.037,0.146,0.219,0.282,0.484,0.623,0.444,0.325,0.467,0.44,0.587,0.105
0.038,0.188,0.443,0.406,1.149,0.548,0.569,0.373,0.335,0.954,0.575,0.109
0.039,0.036,0.037,0.038,0.035,0.04,0.035,0.037,0.035,0.04,0.034,0.038
37 PS,4512,4512,,,,,4516,4516,4517,4517,
0.034,0.038,0.033,,,,,0.034,0.032,0.031,0.032,0.032
0.034,0.539,0.732,,,,,0.274,0.331,0.235,0.227,0.11
0.034,0.62,1.416,,,,,0.365,0.4,0.376,0.34,0.099
0.036,0.714,1.392,,,,,0.352,0.385,0.314,0.332,0.348
0.034,1.022,0.956,,,,,0.382,0.865,0.462,0.406,0.103
0.036,1.156,0.954,,,,,0.379,0.732,0.53,0.342,0.089
0.034,1.999,1.207,,,,,0.385,0.738,0.403,0.492,0.095
0.038,0.034,0.034,,,,,0.035,0.035,0.033,0.034,0.042
37 PS,4519,4519,4520,4520,4521,4521,4523,4523,4524,4524,
0.034,0.032,0.032,0.034,0.033,0.034,0.033,0.034,0.032,0.031,0.032,0.032
0.034,0.12,0.154,0.232,0.259,0.176,0.281,0.598,0.8,0.287,0.45,0.093
0.034,0.098,0.134,0.154,0.244,0.239,0.378,0.638,0.943,0.24,0.318,0.091
0.034,0.121,0.13,0.173,0.222,0.216,0.276,0.535,0.607,0.194,0.245,0.232
0.034,0.102,0.151,0.19,0.172,0.311,0.199,0.585,0.821,0.223,0.476,0.09
0.035,0.128,0.154,0.179,0.217,0.593,0.262,0.73,1.107,0.259,0.415,0.094
0.034,0.137,0.189,0.209,0.232,0.401,0.132,0.75,1.055,0.308,0.432,0.101
0.035,0.034,0.035,0.035,0.036,0.035,0.035,0.035,0.034,0.032,0.033,0.035
37 PS,4525,4525,4526,4526,4527,4527,4528,4528,4529,4529,
0.034,0.032,0.032,0.033,0.033,0.034,0.033,0.033,0.032,0.032,0.032,0.032
0.034,0.247,0.534,0.154,0.16,0.327,0.371,0.307,0.451,0.18,0.314,0.089
0.034,0.217,0.702,0.169,0.181,0.629,0.614,0.325,0.674,0.17,0.211,0.08
0.035,0.225,0.514,0.169,0.16,0.287,0.856,0.359,0.521,0.144,0.238,0.293
0.034,0.4,0.272,0.225,0.281,1.148,0.353,0.432,0.253,0.146,0.181,0.071
0.035,0.37,0.306,0.223,0.356,1.026,0.31,0.486,0.298,0.158,0.216,0.075
0.034,0.369,0.276,0.213,0.354,1.287,0.377,0.497,0.368,0.264,0.36,0.078
0.035,0.034,0.035,0.035,0.035,0.035,0.035,0.035,0.034,0.032,0.034,0.035
37 PS,,,4531,4531,4532,4532,4533,4533,4535,4535,
0.034,,,0.05,0.033,0.033,0.033,0.033,0.032,0.032,0.032,0.032
0.034,,,0.173,0.275,0.491,0.668,0.584,0.384,1.106,1.346,0.101
0.034,,,0.234,0.294,0.391,0.958,0.44,0.422,1.161,1.766,0.101
0.035,,,0.247,0.253,0.478,0.87,0.707,0.45,1.337,1.722,0.376
0.034,,,0.313,0.254,0.325,1.913,0.397,0.345,1.504,3.667,0.217
0.035,,,0.269,0.299,0.314,1.552,0.377,0.274,1.257,3.723,0.143
0.035,,,0.303,0.396,0.468,1.908,0.427,0.345,1.229,3.523,0.127
0.035,,,0.035,0.036,0.036,0.036,0.036,0.035,0.032,0.034,0.039
37 PS,4536,4536,4537,4537,4538,4538,4539,4539,4540,4540,
0.034,0.033,0.033,0.033,0.033,0.033,0.033,0.034,0.032,0.031,0.032,0.033
0.034,0.437,0.6,0.168,0.179,0.303,0.29,0.309,0.396,0.152,0.131,0.073
0.034,0.375,0.638,0.134,0.145,0.227,0.274,0.376,0.383,0.139,0.122,0.201
0.034,0.511,0.509,0.139,0.131,0.19,0.246,0.369,0.298,0.14,0.12,0.245
0.035,0.985,0.9,0.183,0.145,0.199,0.181,0.523,0.248,0.18,0.1,0.072
0.035,0.594,0.614,0.191,0.177,0.21,0.228,0.665,0.25,0.212,0.131,0.077
0.034,0.547,0.66,0.191,0.251,0.215,0.339,0.523,0.297,0.171,0.143,0.071
0.034,0.035,0.034,0.035,0.035,0.038,0.036,0.036,0.033,0.032,0.034,0.034
37 PS,4571,4571,4584,4584,4617,4617,4642,4642,4644,4644,
0.034,0.033,0.033,0.033,0.033,0.033,0.033,0.034,0.032,0.031,0.033,0.033
0.034,0.388,0.322,0.332,0.761,0.187,0.145,0.064,0.087,0.176,0.235,0.086
0.034,0.228,0.268,0.89,1.477,0.246,0.193,0.083,0.132,0.284,0.927,0.133
0.034,0.248,0.197,0.586,1.705,0.292,0.212,0.086,0.106,0.21,0.247,0.335
0.034,0.168,0.323,0.643,0.729,0.154,0.349,0.12,0.114,0.263,0.221,0.081
0.035,0.238,0.313,0.789,0.862,0.198,0.333,0.121,0.144,0.308,0.211,0.08
0.034,0.357,0.374,0.827,0.917,0.195,0.435,0.111,0.34,0.277,0.148,0.07
0.034,0.035,0.034,0.034,0.035,0.036,0.036,0.036,0.033,0.032,0.034,0.034
37 PS,4730,4730,4734,4734,4739,4739,4740,4740,4743,4743,
0.039,0.034,0.035,0.035,0.034,0.037,0.036,0.035,0.036,0.034,0.038,0.035
0.036,0.174,0.658,0.281,0.263,0.172,0.421,0.335,0.368,0.444,0.559,0.11
0.036,0.223,0.52,0.292,0.291,0.167,0.283,0.323,0.374,0.291,0.391,0.102
0.037,0.175,0.424,0.32,0.299,0.242,0.319,0.354,0.43,0.273,0.286,0.312
0.037,0.355,0.286,0.315,0.392,0.307,0.272,0.482,0.356,0.206,0.733,0.11
0.037,0.235,0.226,0.293,0.479,0.311,0.382,0.592,0.308,0.198,0.589,0.103
0.038,0.453,0.355,0.289,0.536,0.441,0.386,0.351,0.52,0.563,0.59,0.12
0.036,0.037,0.036,0.035,0.041,0.037,0.045,0.037,0.039,0.033,0.035,0.037
37 PS,4766,4766,4774,4774,4786,4786,4792,4792,4807,4807,
0.035,0.033,0.034,0.035,0.035,0.035,0.038,0.034,0.034,0.034,0.035,0.036
0.036,0.282,0.581,0.2,0.16,0.171,0.139,0.202,0.284,0.156,0.279,0.103
0.037,0.259,0.428,0.154,0.206,0.199,0.235,0.277,0.305,0.191,0.202,0.131
0.036,0.237,0.388,0.169,0.197,0.153,0.229,0.409,0.305,0.178,0.196,0.282
0.037,0.3,0.69,0.229,0.219,0.218,0.612,0.309,0.297,0.169,0.323,0.096
0.036,0.32,0.431,0.237,0.205,0.276,0.616,0.274,0.279,0.166,0.289,0.094
0.041,0.715,0.997,0.354,0.441,0.225,0.997,0.4,0.215,0.316,0.328,0.094
0.036,0.035,0.038,0.038,0.036,0.036,0.037,0.035,0.039,0.033,0.035,0.038
37 PS,4809,4809,4810,4810,4833,4833,4947,4947,4951,4951,
0.034,0.033,0.033,0.033,0.033,0.033,0.033,0.033,0.032,0.031,0.032,0.032
0.034,0.114,0.176,0.098,0.137,0.112,0.453,0.491,0.405,0.255,0.47,0.072
0.034,0.129,0.214,0.131,0.2,0.157,0.517,0.688,0.414,0.34,0.434,0.073
0.035,0.138,0.19,0.136,0.237,0.119,0.352,0.44,0.334,0.296,0.341,0.069
0.034,0.174,0.184,0.206,0.19,0.196,0.348,0.492,0.713,0.373,0.67,0.075
0.035,0.17,0.182,0.21,0.152,0.172,0.221,0.488,0.793,0.35,0.665,0.067
0.035,0.318,0.365,0.174,0.18,0.176,0.223,0.664,1.203,1.141,0.769,0.067
0.035,0.034,0.035,0.035,0.035,0.036,0.036,0.036,0.035,0.032,0.034,0.035
37 PS,4952,4952,4953,4953,4954,4954,4955,4955,4956,4956,
0.035,0.033,0.033,0.037,0.046,0.034,0.042,0.035,0.036,0.035,0.035,0.034
0.036,0.291,0.391,0.246,0.216,0.582,0.589,0.462,0.421,0.191,0.41,0.098
0.04,0.246,0.515,0.211,0.132,0.225,1.019,0.561,0.476,0.294,0.261,0.092
0.035,0.234,0.506,0.23,0.171,0.37,0.846,0.478,0.381,0.237,0.302,0.099
0.039,0.239,0.248,0.225,0.26,1.124,0.417,0.405,0.606,0.254,0.237,0.096
0.036,0.194,0.229,0.211,0.209,0.939,0.383,0.417,0.62,0.275,0.177,0.087
0.039,0.239,0.428,0.28,0.233,1.19,0.379,0.428,0.856,0.292,0.201,0.076
0.036,0.034,0.035,0.037,0.039,0.037,0.036,0.038,0.038,0.033,0.034,0.036
37 PS,4957,4957,4958,4958,4960,4960,4961,4961,4962,4962,
0.036,0.035,0.034,0.035,0.036,0.038,0.035,0.035,0.035,0.037,0.041,0.038
0.036,0.368,0.194,0.247,0.368,0.134,0.107,0.141,0.174,0.129,0.301,0.097
0.037,0.326,0.48,0.478,1.512,0.351,0.287,0.312,0.316,0.334,0.506,0.111
0.039,0.286,0.427,0.431,1.522,0.295,0.299,0.279,0.253,0.309,0.449,0.099
0.037,1.163,0.277,2.583,0.366,0.268,0.16,0.404,0.163,0.642,0.22,0.093
0.038,0.386,0.34,1.086,0.459,0.404,0.176,0.334,0.157,0.778,0.21,0.091
0.038,0.288,0.267,0.72,0.293,0.233,0.179,0.241,0.133,0.399,0.148,0.083
0.038,0.038,0.038,0.041,0.038,0.038,0.04,0.036,0.036,0.034,0.042,0.039
37 PS,4963,4963,4965,4965,4966,4966,4967,4967,4968,4968,
0.043,0.042,0.041,0.038,0.046,0.04,0.038,0.039,0.044,0.035,0.036,0.046
0.039,0.287,0.316,0.785,0.823,0.357,0.248,0.427,0.401,0.381,0.508,0.197
0.041,0.152,0.164,0.8,0.898,0.287,0.231,0.291,0.327,0.325,0.433,0.137
0.04,0.203,0.165,0.815,0.828,0.278,0.206,0.289,0.299,0.232,0.436,0.127
0.04,0.262,0.162,1.048,1.518,0.301,0.233,0.238,0.442,0.232,0.706,0.252
0.037,0.339,0.261,1.044,1.616,0.279,0.228,0.244,0.74,0.359,0.824,0.131
0.037,0.145,0.344,1.129,1.591,0.371,0.309,0.336,0.602,0.493,0.701,0.121
0.04,0.042,0.034,0.04,0.041,0.04,0.036,0.035,0.037,0.037,0.034,0.035
37 PS,4969,4969,4970,4970,4971,4971,4972,4972,4973,4973,
0.035,0.034,0.033,0.034,0.035,0.04,0.034,0.035,0.034,0.036,0.033,0.034
0.038,0.194,0.163,0.1,0.128,0.087,0.361,0.26,0.237,0.19,0.261,0.091
0.036,0.158,0.174,0.118,0.181,0.145,0.175,0.269,0.314,0.226,0.428,0.098
0.036,0.147,0.157,0.143,0.16,0.15,0.166,0.28,0.281,0.248,0.193,0.094
0.036,0.159,1.599,0.228,0.442,0.311,0.192,0.352,0.293,0.248,0.558,0.11
0.036,0.177,1.152,0.231,0.372,0.765,0.203,0.358,0.272,0.26,0.505,0.106
0.036,0.23,0.607,0.221,0.333,0.255,0.157,0.292,1.299,0.37,0.428,0.084
0.037,0.036,0.036,0.035,0.035,0.037,0.037,0.037,0.035,0.034,0.035,0.037
37 PS,4974,4974,4975,4975,4976,4976,4977,4977,4978,4978,
0.037,0.039,0.034,0.035,0.035,0.037,0.035,0.036,0.036,0.034,0.034,0.034
0.036,0.121,0.11,0.176,0.189,0.273,0.154,0.154,0.278,0.34,0.611,0.119
0.036,0.199,0.233,0.111,0.195,0.164,0.138,0.191,0.315,0.383,0.561,0.129
0.035,0.177,0.176,0.137,0.211,0.221,0.184,0.221,0.332,0.342,0.558,0.137
0.038,0.177,0.187,0.14,0.186,0.175,0.17,0.208,0.554,0.321,0.688,0.15
0.036,0.13,0.162,0.162,0.173,0.131,0.173,0.203,0.42,0.347,0.57,0.126
0.035,0.326,0.186,0.175,0.167,0.273,0.214,0.252,0.39,0.371,0.517,0.106
0.036,0.037,0.035,0.035,0.035,0.035,0.035,0.035,0.034,0.032,0.033,0.035
37 PS,4979,4979,4980,4980,4981,4981,4982,4982,4985,4985,
0.037,0.034,0.033,0.037,0.035,0.037,0.04,0.036,0.035,0.036,0.034,0.038
0.041,0.291,0.318,0.215,0.166,0.229,0.253,0.13,0.232,0.551,0.485,0.474
0.039,0.168,0.218,0.236,0.171,0.218,0.171,0.118,0.213,0.535,0.507,0.075
0.035,0.208,0.203,0.296,0.146,0.256,0.22,0.188,0.186,0.449,0.34,0.088
0.039,0.187,0.294,0.197,0.156,0.197,0.283,0.191,0.523,0.547,0.552,0.08
0.036,0.223,0.374,0.232,0.224,0.234,0.681,0.247,0.579,0.574,1.052,0.072
0.036,1.554,0.48,0.168,0.189,0.532,0.463,0.269,0.639,0.523,0.532,0.067
0.038,0.036,0.036,0.037,0.04,0.038,0.037,0.039,0.038,0.034,0.035,0.036
37 PS,4987,4987,4988,4988,4989,4989,5007,5007,5008,5008,
0.039,0.036,0.035,0.036,0.037,0.046,0.036,0.038,0.036,0.039,0.044,0.037
0.039,0.782,0.421,0.316,0.277,0.437,0.386,0.43,0.472,0.269,0.33,0.308
0.04,0.301,0.228,0.165,0.196,0.406,0.317,0.326,0.35,0.164,0.209,0.096
0.043,0.197,0.219,0.163,0.169,0.393,0.367,0.314,0.334,0.151,0.215,0.098
0.039,0.267,0.575,0.186,0.201,0.434,0.564,0.319,0.233,0.167,0.419,0.097
0.039,0.328,0.56,0.226,0.213,0.405,0.695,0.502,0.308,0.217,0.477,0.096
0.037,0.856,0.589,0.235,0.306,0.4,1.198,0.412,0.413,0.289,0.303,0.098
0.05,0.04,0.039,0.038,0.04,0.039,0.042,0.037,0.037,0.037,0.039,0.041
37 PS,5010,5010,5023,5023,5024,5024,5026,5026,5030,5030,
0.04,0.042,0.036,0.041,0.037,0.05,0.04,0.039,0.043,0.048,0.037,0.059
0.042,0.413,0.401,0.159,0.113,0.269,0.136,0.263,0.342,0.404,0.414,0.101
0.04,0.248,0.282,0.161,0.113,0.162,0.102,0.201,0.398,0.389,0.453,0.116
0.038,0.213,0.244,0.123,0.106,0.132,0.17,0.261,0.385,0.376,0.396,0.102
0.04,0.272,0.191,0.115,0.126,0.107,0.226,0.137,1.299,0.451,0.493,0.112
0.037,0.266,0.262,0.128,0.135,0.153,0.279,0.205,1.497,0.545,1.148,0.114
0.038,0.568,0.261,0.111,0.152,0.217,0.284,0.178,0.948,0.418,0.515,0.104
0.04,0.038,0.036,0.041,0.038,0.04,0.038,0.041,0.039,0.035,0.036,0.042
37 PS,5031,5031,5033,5033,5043,5043,5044,5044,5047,5047,
0.038,0.04,0.037,0.037,0.037,0.039,0.037,0.035,0.035,0.034,0.035,0.036
0.04,0.959,1.235,0.289,0.432,0.246,0.237,0.261,0.267,0.625,0.472,0.375
0.041,0.577,1.054,0.296,0.398,0.253,0.211,0.293,0.334,0.461,0.342,0.104
0.044,0.593,0.84,0.2,0.32,0.246,0.205,0.318,0.238,0.459,0.409,0.13
0.041,1.326,0.437,0.334,0.381,0.233,0.251,0.371,0.471,0.543,0.268,0.097
0.042,1.291,0.562,0.394,0.364,0.307,0.27,0.467,0.536,0.744,0.315,0.103
0.039,1.738,0.823,0.544,0.6,0.363,0.472,0.396,0.425,0.635,0.313,0.116
0.039,0.037,0.039,0.037,0.037,0.042,0.036,0.037,0.037,0.038,0.037,0.036
37 PS,5062,5062,5063,5063,5066,5066,5090,5090,5089,5089,
0.034,0.033,0.034,0.036,0.035,0.035,0.034,0.039,0.033,0.034,0.035,0.035
0.038,0.661,0.65,0.376,0.293,0.433,0.544,0.795,0.867,0.184,0.232,0.569
0.038,0.226,0.35,0.283,0.26,0.515,0.512,0.799,0.805,0.175,0.209,0.091
0.036,0.342,0.221,0.257,0.217,0.53,0.54,0.777,0.375,0.166,0.2,0.091
0.036,0.269,0.352,0.234,0.477,0.293,0.432,0.765,0.442,0.144,0.164,0.074
0.036,0.162,0.236,0.38,0.4,0.232,0.435,0.765,0.646,0.19,0.478,0.101
0.036,0.237,0.218,0.434,0.286,0.459,0.592,0.881,1.078,0.196,0.218,0.097
0.035,0.037,0.034,0.035,0.036,0.036,0.036,0.036,0.035,0.033,0.041,0.036
37 PS,5091,5091,5092,5092,5094,5094,5095,5095,5097,5097,
0.034,0.034,0.033,0.034,0.035,0.035,0.038,0.037,0.037,0.033,0.035,0.034
0.034,0.235,0.326,0.246,0.134,0.385,0.374,0.195,0.294,0.413,0.406,0.43
0.035,0.238,0.338,0.148,0.119,0.246,0.244,0.097,0.095,0.335,0.201,0.092
0.036,0.305,0.34,0.209,0.12,0.272,0.212,0.09,0.105,0.238,0.181,0.101
0.036,0.446,0.212,0.153,0.182,0.299,0.446,0.123,0.164,0.432,0.248,0.089
0.036,0.424,0.244,0.29,0.189,0.401,0.258,0.128,0.215,0.488,0.329,0.087
0.037,0.568,0.207,0.365,0.289,0.605,0.389,0.146,0.394,0.555,0.548,0.123
0.04,0.034,0.035,0.038,0.037,0.04,0.037,0.044,0.035,0.033,0.037,0.037
37 PS,5098,5098,5100,5100,5113,5113,5217,5217,5436,5436,
0.035,0.033,0.033,0.035,0.035,0.042,0.04,0.036,0.036,0.037,0.036,0.043
0.036,0.59,0.344,0.302,0.277,0.229,0.333,0.29,0.702,0.204,0.29,0.098
0.038,0.262,0.229,0.175,0.157,0.244,0.225,0.228,0.528,0.258,0.303,0.158
0.036,0.259,0.199,0.141,0.217,0.25,0.195,0.256,0.551,0.294,0.336,0.107
0.037,0.31,0.333,0.178,0.115,0.222,0.231,0.22,1.123,0.213,0.648,0.108
0.038,0.284,0.321,0.225,0.114,0.255,0.266,0.245,1.025,0.268,0.622,0.113
0.037,0.631,0.736,0.305,0.263,0.324,0.335,0.19,1.192,0.401,0.441,0.107
0.037,0.035,0.038,0.039,0.043,0.038,0.038,0.038,0.037,0.035,0.035,0.045
37 PS,5539,5539,5542,5542,5543,5543,5545,5545,5553,5553,
0.035,0.034,0.033,0.034,0.035,0.04,0.036,0.035,0.035,0.035,0.033,0.035
0.037,0.312,0.775,0.187,0.252,0.178,0.182,0.255,0.227,0.324,1.419,0.106
0.035,0.333,0.464,0.151,0.162,0.145,0.196,0.135,0.114,0.471,0.643,0.091
0.042,0.171,0.398,0.136,0.142,0.134,0.179,0.122,0.114,0.509,0.497,0.086
0.038,0.151,0.962,0.185,0.687,0.16,0.174,0.142,0.187,0.338,1.168,0.107
0.041,0.231,0.955,0.229,0.818,0.193,0.294,0.194,0.331,0.707,1.209,0.117
0.037,0.799,1.664,0.54,0.81,0.414,0.456,0.521,0.591,1.421,1.788,0.129
0.039,0.037,0.038,0.037,0.036,0.037,0.038,0.04,0.04,0.035,0.036,0.037
37 PS,5554,5554,5555,5555,4513,4513,4530,4530,6101,6101,
0.037,0.041,0.035,0.035,0.035,0.038,0.034,0.036,0.036,0.035,0.035,0.036
0.035,0.636,0.288,0.194,0.196,0.324,0.443,0.253,0.414,2.928,2.968,0.255
0.036,0.256,0.145,0.144,0.135,0.284,0.362,0.353,0.402,3.353,3.249,0.195
0.035,0.218,0.174,0.143,0.166,0.373,0.431,0.326,0.275,3.436,3.215,0.219
0.039,0.167,0.235,0.239,0.276,0.213,1.899,0.3,1.676,2.632,2.334,0.077
0.038,0.244,0.261,0.18,0.288,0.234,1.27,0.285,1.133,2.524,2.058,0.076
0.037,0.379,0.305,0.17,0.35,0.217,1.009,0.297,1.257,2.085,2.19,0.077
0.038,0.04,0.036,0.041,0.037,0.037,0.035,0.037,0.035,0.032,0.034,0.037
