37 PS,5767,5767,5768,5768,5773,5773,5775,5775,5778,5778
,,,,,,,,,,
,0.105,0.16,0.086,0.069,0.052,0.098,0.084,0.06,0.05,0.076
,0.06,0.163,0.084,0.082,0.097,0.099,0.069,0.059,0.049,0.056
,0.066,0.222,0.112,0.09,0.121,0.118,0.094,0.108,0.112,0.149
,0.148,0.069,0.067,0.07,0.122,0.065,0.092,0.082,0.076,0.081
,0.122,0.112,0.105,0.105,0.214,0.103,0.083,0.135,0.132,0.13
,0.171,0.073,0.187,0.081,0.132,0.087,0.086,0.098,0.106,0.088
,,,,,,,,,,
37 PP,5767,5767,5768,5768,5773,5773,5775,5775,5778,5778
,,,,,,,,,,
,0.157,0.128,0.055,0.074,0.045,0.096,0.068,0.073,0.061,0.057
,0.095,0.144,0.08,0.104,0.058,0.07,0.055,0.118,0.143,0.079
,0.088,0.164,0.058,0.111,0.046,0.049,0.051,0.104,0.079,0.108
,0.137,0.089,0.08,0.072,0.128,0.077,0.092,0.076,0.102,0.078
,0.119,0.054,0.102,0.078,0.076,0.068,0.091,0.099,0.06,0.074
,0.279,0.097,0.133,0.104,0.116,0.088,0.135,0.069,0.129,0.108
,,,,,,,,,,
28 PS,5767,5767,5768,5768,5773,5773,5775,5775,5778,5778
,,,,,,,,,,
,0.289,0.316,0.388,0.346,0.441,0.284,0.18,0.193,0.207,0.244
,0.23,0.237,0.169,0.191,0.171,0.166,0.231,0.232,0.137,0.135
,0.196,0.215,0.27,0.208,0.152,0.139,0.139,0.191,0.183,0.104
,0.121,0.1,0.095,0.104,0.072,0.07,0.102,0.082,0.095,0.092
,0.063,0.095,0.136,0.282,0.139,0.152,0.132,0.104,0.106,0.095
,0.298,0.119,0.163,0.097,0.114,0.095,0.135,0.083,0.107,0.105
,,,,,,,,,,
28 PP,5767,5767,5768,5768,5773,5773,5775,5775,5778,5778
,,,,,,,,,,
,0.118,0.168,0.113,0.088,0.1,0.076,0.119,0.049,0.05,0.063
,0.131,0.223,0.105,0.122,0.106,0.078,0.097,0.098,0.081,0.05
,0.121,0.229,0.128,0.113,0.077,0.087,0.101,0.062,0.051,0.047
,0.142,0.088,0.16,0.057,0.087,0.052,0.066,0.078,0.089,0.057
,0.168,0.097,0.113,0.064,0.061,0.061,0.09,0.052,0.095,0.056
,0.15,0.073,0.133,0.078,0.078,0.095,0.077,0.135,0.084,0.065
,,,,,,,,,,
37 PS,5767,5767,5768,5768,5773,5773,5775,5775,5778,5778
,,,,,,,,,,
,0.169,0.186,0.078,0.368,0.062,0.128,0.081,0.099,0.065,0.079
,0.152,0.180,0.075,0.308,0.147,0.11,0.087,0.081,0.07,0.065
,0.129,0.175,0.117,0.334,0.069,0.142,0.058,0.08,0.08,0.064
,0.772,0.088,0.258,0.158,0.055,0.053,0.06,0.07,0.072,0.094
,0.748,0.088,0.214,0.169,0.069,0.056,0.058,0.068,0.063,0.076
,0.855,0.103,0.198,0.145,0.041,0.044,0.091,0.546,0.063,0.098
,,,,,,,,,,
37 PP,5767,5767,5768,5768,5773,5773,5775,5775,5778,5778
,,,,,,,,,,
,0.154,0.271,0.06,0.135,0.064,0.098,0.069,0.098,0.071,0.068
,0.154,0.302,0.098,0.169,0.081,0.086,0.077,0.117,0.072,0.069
,0.14,0.306,0.067,0.155,0.067,0.1,0.086,0.112,0.076,0.08
,0.678,0.129,0.099,0.201,0.078,0.067,0.062,0.11,0.061,0.081
,0.702,0.146,0.147,0.169,0.058,0.054,0.059,0.079,0.093,0.079
,0.777,0.142,0.08,0.21,0.064,0.045,0.075,0.147,0.05,0.06
,,,,,,,,,,
28 PS,5767,5767,5768,5768,5773,5773,5775,5775,5778,5778
,,,,,,,,,,
,0.117,0.801,0.059,0.169,0.06,0.098,0.09,0.298,0.057,0.065
,0.083,0.681,0.06,0.151,0.06,0.076,0.107,0.256,0.077,0.061
,0.072,0.735,0.078,0.172,0.078,0.101,0.11,0.222,0.063,0.061
,0.169,0.121,0.068,0.363,0.053,0.068,0.103,0.157,0.075,0.076
,0.184,0.123,0.101,0.37,0.089,0.062,0.094,0.145,0.097,0.069
,0.146,0.15,0.085,0.345,0.097,0.054,0.065,0.112,0.065,0.066
,,,,,,,,,,
28 PP,5767,5767,5768,5768,5773,5773,5775,5775,5778,5778
,,,,,,,,,,
,0.088,0.635,0.091,0.229,0.102,0.199,0.081,0.074,0.094,0.083
,0.083,0.707,0.08,0.193,0.103,0.112,0.072,0.077,0.094,0.076
,0.085,0.719,0.081,0.203,0.09,0.126,0.068,0.07,0.085,0.086
,0.188,0.159,0.08,0.391,0.076,0.1,0.059,0.167,0.088,0.112
,0.209,0.189,0.089,0.301,0.109,0.07,0.067,0.133,0.125,0.09
,0.177,0.179,0.082,0.285,0.07,0.065,0.07,0.134,0.073,0.101
,,,,,,,,,,
37 PS,5767,5767,5768,5768,5773,5773,5775,5775,5778,5778
,,,,,,,,,,
,0.083,0.187,0.078,0.092,0.076,0.067,0.07,0.079,0.059,0.063
,0.082,0.214,0.066,0.096,0.073,0.058,0.077,0.083,0.056,0.055
,0.072,0.194,0.066,0.075,0.081,0.066,0.067,0.137,0.061,0.065
,0.427,0.131,0.109,0.079,0.093,0.07,0.065,0.068,0.073,0.068
,0.465,0.128,0.093,0.087,0.129,0.065,0.068,0.084,0.067,0.073
,0.477,0.141,0.113,0.085,0.082,0.065,0.07,0.065,0.075,0.073
,,,,,,,,,,
37 PP,5767,5767,5768,5768,5773,5773,5775,5775,5778,5778
,,,,,,,,,,
,0.053,0.185,0.067,0.074,0.069,0.064,0.067,0.088,0.09,0.056
,0.067,0.229,0.071,0.07,0.069,0.063,0.075,0.132,0.051,0.051
,0.062,0.264,0.056,0.066,0.064,0.067,0.074,0.121,0.053,0.054
,0.466,0.123,0.1,0.111,0.079,0.058,0.066,0.057,0.063,0.09
,0.423,0.128,0.086,0.12,0.063,0.058,0.06,0.06,0.05,0.072
,0.401,0.133,0.109,0.122,0.07,0.065,0.081,0.065,0.051,0.073
,,,,,,,,,,
28 PS,5767,5767,5768,5768,5773,5773,5775,5775,5778,5778
,,,,,,,,,,
,0.064,0.389,0.096,0.127,0.092,0.097,0.093,0.182,0.064,0.091
,0.054,0.354,0.103,0.131,0.078,0.083,0.102,0.155,0.061,0.06
,0.055,0.305,0.095,0.122,0.078,0.094,0.077,0.187,0.092,0.055
,0.188,0.24,0.168,0.187,0.084,0.074,0.088,0.142,0.065,0.056
,0.162,0.208,0.134,0.2,0.087,0.055,0.081,0.102,0.058,0.061
,0.122,0.21,0.13,0.196,0.077,0.046,0.243,0.11,0.049,0.053
,,,,,,,,,,
28 PP,5767,5767,5768,5768,5773,5773,5775,5775,5778,5778
,,,,,,,,,,
,0.055,0.311,0.099,0.172,0.082,0.116,0.085,0.1,0.076,0.067
,0.048,0.385,0.097,0.179,0.078,0.081,0.072,0.089,0.073,0.058
,0.057,0.211,0.096,0.142,0.057,0.06,0.074,0.07,0.081,0.066
,0.19,0.229,0.15,0.106,0.088,0.057,0.111,0.284,0.093,0.07
,0.206,0.215,0.154,0.096,0.085,0.055,0.085,0.165,0.129,0.065
,0.159,0.143,0.144,0.087,0.066,0.049,0.093,0.194,0.082,0.065
,,,,,,,,,,
37 PS,5779,5779,5781,5781,5783,5783,5722,5722,5723,5723
,,,,,,,,,,
,0.052,0.052,0.063,0.052,0.086,1.178,0.154,0.127,0.084,0.079
,0.048,0.064,0.083,0.137,0.087,1.102,0.081,0.119,0.066,0.143
,0.071,0.057,0.084,0.145,0.22,1,0.07,0.126,0.079,0.109
,0.05,0.065,0.094,0.112,0.211,0.245,0.077,0.059,0.09,0.07
,0.078,0.059,0.075,0.116,0.382,0.054,0.115,0.073,0.077,0.073
,0.114,0.11,0.079,0.222,0.169,0.061,0.142,0.072,0.079,0.078
,,,,,,,,,,
37 PP,5779,5779,5781,5781,5783,5783,5722,5722,5723,5723
,,,,,,,,,,
,0.144,0.06,0.054,0.102,0.443,1.79,0.191,0.205,0.112,0.114
,0.059,0.06,0.089,0.097,0.287,1.673,0.071,0.144,0.132,0.118
,0.078,0.051,0.054,0.079,0.315,1.731,0.068,0.176,0.1,0.109
,0.049,0.068,0.084,0.079,0.267,1.445,0.11,0.098,0.106,0.118
,0.061,0.067,0.081,0.072,0.287,1.104,0.153,0.105,0.22,0.109
,0.093,0.072,0.144,0.059,0.191,0.065,0.594,0.079,0.213,0.127
,,,,,,,,,,
28 PS,5779,5779,5781,5781,5783,5783,5722,5722,5723,5723
,,,,,,,,,,
,0.095,0.062,0.098,0.13,0.099,0.71,0.136,0.119,0.085,0.123
,0.075,0.134,0.121,0.223,0.2,0.608,0.109,0.112,0.082,0.086
,0.069,0.054,0.114,0.139,0.188,0.469,0.097,0.128,0.079,0.096
,0.051,0.056,0.09,0.062,0.118,0.077,0.154,0.087,0.119,0.078
,0.063,0.063,0.125,0.08,0.107,0.068,0.203,0.081,0.106,0.065
,0.058,0.106,0.209,0.12,0.155,0.146,0.152,0.065,0.13,0.083
,,,,,,,,,,
28 PP,5779,5779,5781,5781,5783,5783,5722,5722,5723,5723
,,,,,,,,,,
,0.106,0.062,0.082,0.216,0.137,0.568,0.157,0.177,0.109,0.11
,0.097,0.065,0.102,0.272,0.195,0.599,0.114,0.135,0.077,0.078
,0.099,0.093,0.111,0.26,0.288,0.671,0.097,0.145,0.122,0.09
,0.057,0.048,0.254,0.094,0.302,1.131,0.13,0.115,0.124,0.119
,0.053,0.063,0.254,0.106,0.165,0.51,0.134,0.123,0.105,0.093
,0.109,0.103,0.251,0.088,0.249,0.236,0.142,0.109,0.126,0.103
,,,,,,,,,,
37 PS,5779,5779,5781,5781,5783,5783,5722,5722,5723,5723
,,,,,,,,,,
,0.091,0.071,0.081,0.143,0.125,0.3,0.1,0.096,0.072,0.109
,0.074,0.063,0.094,0.113,0.1,0.217,0.088,0.081,0.066,0.11
,0.102,0.069,0.077,0.149,0.095,0.257,0.074,0.086,0.066,0.108
,0.081,0.092,0.087,0.075,0.148,0.086,0.103,0.067,0.108,0.091
,0.067,0.092,0.077,0.069,0.138,0.079,0.108,0.078,0.108,0.07
,0.07,0.097,0.108,0.081,0.157,0.115,0.105,0.058,0.128,0.087
,,,,,,,,,,
37 PP,5779,5779,5781,5781,5783,5783,5722,5722,5723,5723
,,,,,,,,,,
,0.074,0.066,0.081,0.067,0.085,0.296,0.055,0.116,0.067,0.073
,0.053,0.076,0.08,0.076,0.079,0.219,0.055,0.111,0.074,0.088
,0.059,0.09,0.093,0.079,0.08,0.27,0.06,0.091,0.068,0.097
,0.054,0.077,0.102,0.064,0.165,0.09,0.14,0.068,0.113,0.064
,0.069,0.089,0.079,0.059,0.156,0.076,0.105,0.06,0.106,0.072
,0.052,0.09,0.06,0.067,0.13,0.088,0.107,0.073,0.096,0.067
,,,,,,,,,,
28 PS,5779,5779,5781,5781,5783,5783,5722,5722,5723,5723
,,,,,,,,,,
,0.077,0.063,0.092,0.196,0.304,0.945,0.114,0.124,0.074,0.086
,0.065,0.06,0.09,0.2,0.341,1.004,0.078,0.096,0.069,0.099
,0.058,0.064,0.1,0.197,0.321,1.119,0.091,0.095,0.066,0.082
,0.059,0.103,0.225,0.093,0.136,0.092,0.115,0.076,0.08,0.065
,0.058,0.09,0.175,0.098,0.17,0.08,0.093,0.086,0.078,0.065
,0.056,0.081,0.216,0.088,0.165,0.098,0.096,0.065,0.08,0.07
,,,,,,,,,,
28 PP,5779,5779,5781,5781,5783,5783,5722,5722,5723,5723
,,,,,,,,,,
,0.098,0.092,0.195,0.382,0.214,0.522,0.056,0.101,0.075,0.112
,0.095,0.082,0.201,0.419,0.187,0.489,0.06,0.101,0.075,0.103
,0.09,0.096,0.246,0.414,0.169,0.51,0.067,0.107,0.085,0.118
,0.083,0.108,0.186,0.106,0.136,0.105,0.079,0.07,0.083,0.1
,0.111,0.163,0.222,0.105,0.129,0.103,0.074,0.073,0.093,0.079
,0.172,0.102,0.183,0.061,0.122,0.074,0.085,0.074,0.078,0.08
,,,,,,,,,,
37 PS,5779,5779,5781,5781,5783,5783,5722,5722,5723,5723
,,,,,,,,,,
,0.069,0.112,0.081,0.085,0.079,0.095,0.116,0.182,0.122,0.119
,0.067,0.075,0.054,0.101,0.083,0.109,0.128,0.169,0.1,0.144
,0.088,0.071,0.059,0.092,0.071,0.125,0.131,0.159,0.109,0.101
,0.081,0.079,0.061,0.065,0.08,0.077,0.131,0.088,0.093,0.082
,0.075,0.069,0.054,0.07,0.069,0.074,0.138,0.084,0.14,0.086
,0.108,0.094,0.065,0.079,0.079,0.1,0.129,0.085,0.112,0.094
,,,,,,,,,,
37 PP,5779,5779,5781,5781,5783,5783,5722,5722,5723,5723
,,,,,,,,,,
,0.081,0.063,0.056,0.066,0.061,0.199,0.105,0.228,0.111,0.112
,0.056,0.06,0.048,0.081,0.059,0.21,0.067,0.176,0.123,0.124
,0.054,0.052,0.05,0.079,0.059,0.183,0.07,0.157,0.147,0.132
,0.06,0.071,0.048,0.061,0.091,0.243,0.206,0.081,0.088,0.068
,0.05,0.055,0.047,0.061,0.062,0.076,0.166,0.076,0.075,0.063
,0.059,0.093,0.082,0.06,0.068,0.056,0.173,0.07,0.082,0.069
,,,,,,,,,,
28 PS,5779,5779,5781,5781,5783,5783,5722,5722,5723,5723
,,,,,,,,,,
,0.058,0.11,0.055,0.221,0.101,0.096,0.085,0.129,0.081,0.114
,0.067,0.065,0.071,0.27,0.199,0.123,0.095,0.132,0.082,0.11
,0.054,0.05,0.072,0.29,0.197,0.11,0.074,0.154,0.112,0.143
,0.063,0.09,0.063,0.102,0.097,0.159,0.102,0.092,0.09,0.09
,0.07,0.065,0.09,0.107,0.089,0.139,0.096,0.089,0.104,0.104
,0.058,0.077,0.066,0.08,0.073,0.103,0.111,0.076,0.14,0.171
,,,,,,,,,,
28 PP,5779,5779,5781,5781,5783,5783,5722,5722,5723,5723
,,,,,,,,,,
,0.071,0.054,0.069,0.242,0.094,0.368,0.093,0.127,0.094,0.141
,0.069,0.057,0.072,0.276,0.124,0.471,0.104,0.183,0.087,0.111
,0.055,0.055,0.063,0.265,0.132,0.491,0.108,0.189,0.083,0.134
,0.053,0.09,0.065,0.144,0.104,0.139,0.08,0.066,0.081,0.079
,0.058,0.08,0.079,0.099,0.094,0.162,0.124,0.102,0.075,0.071
,0.056,0.056,0.073,0.108,0.075,0.145,0.1,0.074,0.065,0.088
,,,,,,,,,,
37 PS,5725,5725,6184,6184,6185,6185,6191,6191,5727,5727
,,,,,,,,,,
,0.092,0.117,0.09,0.156,0.098,0.092,0.264,0.245,0.132,0.352
,0.098,0.076,0.075,0.106,0.073,0.097,0.103,0.149,0.133,0.308
,0.088,0.079,0.083,0.094,0.079,0.083,0.093,0.181,0.091,0.416
,0.138,0.089,0.132,0.085,0.131,0.067,0.129,0.069,0.241,0.173
,0.161,0.089,0.116,0.081,0.138,0.064,0.125,0.069,0.269,0.182
,0.114,0.064,0.14,0.064,0.105,0.063,0.359,0.079,0.527,0.226
,,,,,,,,,,
37 PP,5725,5725,6184,6184,6185,6185,6191,6191,5727,5727
,,,,,,,,,,
,0.085,0.201,0.087,0.1,0.107,0.093,0.547,0.362,0.087,0.145
,0.071,0.137,0.089,0.082,0.094,0.095,0.173,0.238,0.07,0.163
,0.074,0.132,0.186,0.326,0.091,0.104,0.135,0.224,0.063,0.139
,0.117,0.229,0.115,0.189,0.137,0.064,0.185,0.081,0.118,0.097
,0.105,0.202,0.109,0.186,0.121,0.074,0.275,0.084,0.1,0.081
,0.114,0.149,0.12,0.113,0.134,0.069,0.84,0.186,0.125,0.099
,,,,,,,,,,
28 PS,5725,5725,6184,6184,6185,6185,6191,6191,5727,5727
,,,,,,,,,,
,0.146,0.178,0.186,0.194,0.108,0.106,0.201,0.269,0.109,0.319
,0.131,0.167,0.165,0.168,0.11,0.083,0.209,0.268,0.107,0.239
,0.128,0.149,0.156,0.168,0.1,0.105,0.203,0.319,0.116,0.22
,0.151,0.098,0.181,0.087,0.151,0.057,0.214,0.062,0.166,0.147
,0.155,0.111,0.157,0.08,0.157,0.061,0.241,0.074,0.134,0.14
,0.179,0.112,0.221,0.103,0.141,0.067,0.255,0.08,0.218,0.175
,,,,,,,,,,
28 PP,5725,5725,6184,6184,6185,6185,6191,6191,5727,5727
,,,,,,,,,,
,0.159,0.176,0.254,0.176,0.161,0.224,0.192,0.318,0.101,0.205
,0.141,0.178,0.218,0.167,0.168,0.211,0.215,0.284,0.101,0.154
,0.138,0.19,0.161,0.202,0.243,0.167,0.207,0.219,0.075,0.165
,0.142,0.106,0.18,0.246,0.178,0.083,0.292,0.109,0.119,0.301
,0.149,0.132,0.178,0.204,0.187,0.09,0.272,0.09,0.121,0.2
,0.173,0.135,0.187,0.198,0.161,0.113,0.226,0.106,0.195,0.244
,,,,,,,,,,
37 PS,5725,5725,6184,6184,6185,6185,6191,6191,5727,5727
,,,,,,,,,,
,0.07,0.16,0.074,0.133,0.064,0.075,0.033,0.112,0.215,0.267
,0.064,0.156,0.076,0.126,0.069,0.066,0.088,0.148,0.145,0.181
,0.066,0.148,0.083,0.111,0.066,0.07,0.074,0.12,0.146,0.205
,0.144,0.068,0.151,0.112,0.084,0.056,0.093,0.066,0.172,0.159
,0.159,0.081,0.16,0.107,0.088,0.056,0.14,0.065,0.197,0.196
,0.153,0.069,0.147,0.095,0.075,0.059,0.152,0.075,0.359,0.248
,,,,,,,,,,
37 PP,5725,5725,6184,6184,6185,6185,6191,6191,5727,5727
,,,,,,,,,,
,0.074,0.286,0.069,0.09,0.063,0.072,0.082,0.203,0.104,0.196
,0.066,0.28,0.066,0.073,0.068,0.069,0.071,0.179,0.071,0.219
,0.066,0.276,0.075,0.122,0.067,0.077,0.074,0.204,0.062,0.194
,0.137,0.082,0.08,0.122,0.091,0.08,0.17,0.08,0.125,0.089
,0.13,0.07,0.085,0.111,0.085,0.079,0.167,0.085,0.122,0.089
,0.122,0.075,0.085,0.117,0.095,0.071,0.162,0.077,0.126,0.135
,,,,,,,,,,
28 PS,5725,5725,6184,6184,6185,6185,6191,6191,5727,5727
,,,,,,,,,,
,0.177,0.22,0.113,0.112,0.08,0.071,0.135,0.12,0.111,0.21
,0.172,0.223,0.183,0.138,0.097,0.086,0.148,0.123,0.123,0.185
,0.166,0.217,0.115,0.111,0.074,0.107,0.15,0.158,0.141,0.146
,0.601,0.109,0.151,0.088,0.095,0.104,0.151,0.063,0.205,0.171
,0.642,0.098,0.115,0.078,0.096,0.077,0.172,0.065,0.197,0.132
,0.503,0.105,0.136,0.089,0.095,0.059,0.192,0.072,0.107,0.131
,,,,,,,,,,
28 PP,5725,5725,6184,6184,6185,6185,6191,6191,5727,5727
,,,,,,,,,,
,0.177,0.201,0.134,0.186,0.118,0.114,0.134,0.182,0.144,0.188
,0.149,0.22,0.121,0.18,0.106,0.085,0.139,0.128,0.117,0.174
,0.134,0.199,0.148,0.166,0.094,0.081,0.194,0.155,0.075,0.107
,0.101,0.103,0.118,0.147,0.11,0.088,0.136,0.075,0.143,0.259
,0.122,0.107,0.113,0.168,0.11,0.083,0.128,0.072,0.113,0.194
,0.137,0.107,0.108,0.136,0.105,0.09,0.189,0.08,0.142,0.197
,,,,,,,,,,
37 PS,5725,5725,6184,6184,6185,6185,6191,6191,5727,5727
,,,,,,,,,,
,0.169,0.263,0.165,0.166,0.158,0.09,0.196,0.178,0.087,0.141
,0.169,0.212,0.165,0.142,0.16,0.852,0.205,0.177,0.136,0.155
,0.162,0.189,0.176,0.177,0.16,0.09,0.187,0.162,0.127,0.28
,0.131,0.078,0.139,0.079,0.133,0.059,0.154,0.069,0.34,0.207
,0.107,0.079,0.189,0.085,0.146,0.063,0.152,0.09,0.304,0.231
,0.13,0.08,0.177,0.074,0.148,0.066,0.136,0.077,0.38,0.245
,,,,,,,,,,
37 PP,5725,5725,6184,6184,6185,6185,6191,6191,5727,5727
,,,,,,,,,,
,0.122,0.165,0.245,0.11,0.09,0.092,0.289,0.204,0.094,0.1
,0.1,0.178,0.299,0.114,0.88,0.097,0.267,0.194,0.116,0.112
,0.099,0.155,0.266,0.123,0.79,0.083,0.289,0.225,0.086,0.13
,0.076,0.082,0.1,0.102,0.079,0.097,0.167,0.09,0.257,0.149
,0.071,0.083,0.113,0.098,0.087,0.089,0.165,0.103,0.27,0.201
,0.069,0.076,0.118,0.083,0.111,0.086,0.192,0.091,0.204,0.17
,,,,,,,,,,
28 PS,5725,5725,6184,6184,6185,6185,6191,6191,5727,5727
,,,,,,,,,,
,0.175,0.21,0.136,0.21,0.119,0.112,0.346,0.112,0.169,0.285
,0.2,0.202,0.159,0.196,0.105,0.103,0.36,0.148,0.109,0.219
,0.21,0.187,0.102,0.196,0.108,0.095,0.368,0.12,0.122,0.23
,0.126,0.099,0.112,0.092,0.09,0.06,0.16,0.085,0.117,0.185
,0.094,0.089,0.112,0.074,0.096,0.055,0.168,0.081,0.153,0.18
,0.154,0.09,0.167,0.072,0.134,0.059,0.218,0.083,0.149,0.145
,,,,,,,,,,
28 PP,5725,5725,6184,6184,6185,6185,6191,6191,5727,5727
,,,,,,,,,,
,0.201,0.244,0.12,0.222,0.166,0.184,0.2,0.196,0.098,0.128
,0.138,0.205,0.177,0.098,0.158,0.147,0.239,0.205,0.109,0.138
,0.157,0.237,0.149,0.21,0.142,0.196,0.192,0.187,0.134,0.245
,0.102,0.081,0.111,0.083,0.075,0.062,0.104,0.061,0.117,0.163
,0.118,0.075,0.091,0.075,0.076,0.068,0.143,0.058,0.124,0.157
,0.137,0.065,0.104,0.074,0.091,0.079,0.176,0.058,0.141,0.167
,,,,,,,,,,
37 PS,5730,5730,5733,5733,5735,5735,5744,5744,5703,5703
,,,,,,,,,,
,0.121,0.163,0.111,0.151,0.084,0.154,0.075,0.117,0.423,0.489
,0.099,0.099,0.081,0.147,0.076,0.091,0.076,0.1,0.335,0.477
,0.09,0.112,0.088,0.136,0.082,0.099,0.074,0.089,0.378,0.415
,0.152,0.132,0.141,0.075,0.124,0.088,0.093,0.093,0.29,0.131
,0.14,0.071,0.143,0.066,0.1,0.065,0.098,0.081,0.277,0.125
,0.126,0.064,0.145,0.059,0.083,0.079,0.106,0.088,0.27,0.138
,,,,,,,,,,
37 PP,5730,5730,5733,5733,5735,5735,5744,5744,5703,5703
,,,,,,,,,,
,0.111,0.153,0.088,0.163,0.062,0.126,0.15,0.181,0.236,0.304
,0.11,0.155,0.09,0.174,0.073,0.115,0.139,0.185,0.236,0.273
,0.103,0.152,0.093,0.184,0.07,0.148,0.128,0.198,0.201,0.309
,0.146,0.094,0.182,0.101,0.107,0.077,0.163,0.074,0.241,0.121
,0.155,0.094,0.161,0.1,0.13,0.124,0.198,0.079,0.247,0.105
,0.192,0.093,0.192,0.077,0.124,0.085,0.191,0.078,0.26,0.109
,,,,,,,,,,
28 PS,5730,5730,5733,5733,5735,5735,5744,5744,5703,5703
,,,,,,,,,,
,0.115,0.114,0.092,0.185,0.109,0.12,0.114,0.14,0.138,0.197
,0.111,0.096,0.074,0.109,0.137,0.133,0.091,0.12,0.107,0.124
,0.089,0.109,0.085,0.194,0.128,0.102,0.12,0.12,0.118,0.15
,0.101,0.099,0.108,0.116,0.135,0.099,0.136,0.086,0.12,0.085
,0.157,0.151,0.145,0.11,0.125,0.083,0.138,0.081,0.141,0.079
,0.129,0.1,0.167,0.126,0.151,0.127,0.158,0.085,0.15,0.085
,,,,,,,,,,
28 PP,5730,5730,5733,5733,5735,5735,5744,5744,5703,5703
,,,,,,,,,,
,0.106,0.139,0.124,0.201,0.127,0.149,0.167,0.265,0.162,0.146
,0.098,0.125,0.094,0.244,0.146,0.098,0.161,0.22,0.125,0.11
,0.115,0.143,0.138,0.284,0.16,0.103,0.212,0.198,0.167,0.17
,0.321,0.362,0.148,0.291,0.12,0.145,0.227,0.127,0.149,0.081
,0.154,0.419,0.146,0.265,0.109,0.137,0.21,0.106,0.138,0.082
,0.155,0.256,0.128,0.24,0.158,0.125,0.253,0.106,0.141,0.118
,,,,,,,,,,
37 PS,5730,5730,5733,5733,5735,5735,5744,5744,5703,5703
,,,,,,,,,,
,0.095,0.103,0.08,0.137,0.067,0.09,0.114,0.177,0.123,0.175
,0.06,0.065,0.078,0.119,0.058,0.073,0.093,0.142,0.094,0.153
,0.066,0.083,0.084,0.109,0.066,0.077,0.124,0.154,0.111,0.172
,0.083,0.068,0.105,0.08,0.095,0.063,0.149,0.069,0.103,0.071
,0.087,0.06,0.101,0.066,0.126,0.073,0.16,0.069,0.107,0.075
,0.115,0.061,0.118,0.064,0.12,0.067,0.154,0.073,0.129,0.068
,,,,,,,,,,
37 PP,5730,5730,5733,5733,5735,5735,5744,5744,5703,5703
,,,,,,,,,,
,0.06,0.149,0.081,0.233,0.054,0.122,0.071,0.095,0.129,0.297
,0.063,0.137,0.072,0.163,0.053,0.092,0.054,0.087,0.122,0.235
,0.069,0.142,0.078,0.168,0.054,0.089,0.055,0.067,0.113,0.208
,0.097,0.065,0.134,0.073,0.058,0.064,0.078,0.062,0.128,0.079
,0.105,0.061,0.126,0.074,0.057,0.062,0.08,0.077,0.114,0.077
,0.095,0.065,0.149,0.078,0.076,0.069,0.089,0.075,0.12,0.066
,,,,,,,,,,
28 PS,5730,5730,5733,5733,5735,5735,5744,5744,5703,5703
,,,,,,,,,,
,0.083,0.126,0.154,0.164,0.124,0.118,0.095,0.131,0.121,0.137
,0.087,0.097,0.134,0.151,0.11,0.108,0.087,0.115,0.098,0.129
,0.095,0.109,0.133,0.169,0.089,0.089,0.097,0.116,0.12,0.126
,0.087,0.091,0.093,0.072,0.085,0.077,0.11,0.06,0.122,0.173
,0.085,0.082,0.092,0.066,0.078,0.072,0.124,0.068,0.096,0.166
,0.098,0.083,0.099,0.069,0.078,0.065,0.122,0.069,0.117,0.175
,,,,,,,,,,
28 PP,5730,5730,5733,5733,5735,5735,5744,5744,5703,5703
,,,,,,,,,,
,0.086,0.085,0.124,0.115,0.083,0.085,0.09,0.11,0.201,0.197
,0.069,0.078,0.114,0.101,0.08,0.08,0.085,0.092,0.183,0.25
,0.082,0.078,0.113,0.109,0.073,0.08,0.095,0.09,0.181,0.229
,0.069,0.078,0.094,0.071,0.066,0.062,0.123,0.096,0.302,0.179
,0.066,0.095,0.104,0.085,0.061,0.071,0.111,0.1,0.313,0.152
,0.07,0.123,0.105,0.109,0.067,0.075,0.113,0.089,0.292,0.191
,,,,,,,,,,
37 PS,5730,5730,5733,5733,5735,5735,5744,5744,5703,5703
,,,,,,,,,,
,0.117,0.149,0.292,0.144,0.084,0.09,0.656,0.124,0.182,0.222
,0.142,0.137,0.223,0.152,0.092,0.088,0.67,0.162,0.22,0.209
,0.131,0.142,0.213,0.132,0.09,0.073,0.539,0.11,0.146,0.189
,0.111,0.095,0.149,0.104,0.137,0.119,0.157,0.094,0.13,0.128
,0.142,0.085,0.136,0.098,0.134,0.11,0.15,0.117,0.121,0.085
,0.167,0.307,0.202,0.096,0.123,0.092,0.132,0.114,0.145,0.12
,,,,,,,,,,
37 PP,5730,5730,5733,5733,5735,5735,5744,5744,5703,5703
,,,,,,,,,,
,0.157,0.166,0.13,0.194,0.055,0.106,0.099,0.142,0.575,0.292
,0.177,0.142,0.123,0.177,0.06,0.109,0.093,0.144,0.531,0.258
,0.194,0.122,0.102,0.18,0.072,0.099,0.115,0.163,0.546,0.267
,0.083,0.137,0.121,0.131,0.08,0.189,0.161,0.19,0.566,0.147
,0.085,0.102,0.089,0.116,0.079,0.11,0.076,0.075,0.583,0.136
,0.107,0.144,0.093,0.108,0.043,0.092,0.133,0.121,0.516,0.162
,,,,,,,,,,
28 PS,5730,5730,5733,5733,5735,5735,5744,5744,5703,5703
,,,,,,,,,,
,0.099,0.142,0.191,0.146,0.146,0.147,0.124,0.143,0.206,0.178
,0.102,0.114,0.184,0.182,0.14,0.127,0.135,0.148,0.131,0.156
,0.087,0.134,0.183,0.151,0.168,0.136,0.12,0.152,0.185,0.138
,0.147,0.102,0.189,0.099,0.1,0.135,0.213,0.098,0.109,0.178
,0.122,0.147,0.202,0.086,0.111,0.165,0.166,0.085,0.082,0.096
,0.096,0.106,0.214,0.082,0.112,0.14,0.204,0.109,0.089,0.143
,,,,,,,,,,
28 PP,5730,5730,5733,5733,5735,5735,5744,5744,5703,5703
,,,,,,,,,,
,0.2,0.112,0.218,0.164,0.122,0.102,0.142,0.114,0.196,0.162
,0.236,0.112,0.178,0.145,0.14,0.114,0.133,0.142,0.162,0.162
,0.197,0.137,0.189,0.143,0.095,0.099,0.154,0.137,0.124,0.184
,0.106,0.126,0.162,0.145,0.15,0.101,0.19,0.08,0.119,0.112
,0.111,0.102,0.15,0.112,0.094,0.114,0.209,0.089,0.075,0.077
,0.167,0.093,0.15,0.101,0.129,0.103,0.144,0.097,0.089,0.102
,,,,,,,,,,
37 PS,5706,5706,5707,5707,6170,6170,6174,6174,6180,6180
,,,,,,,,,,
,0.468,0.453,0.086,0.055,0.06,0.075,0.21,0.226,0.122,0.143
,0.485,0.499,0.091,0.055,0.06,0.081,0.196,0.198,0.103,0.172
,0.439,0.433,0.102,0.07,0.058,0.075,0.224,0.23,0.101,0.174
,0.371,0.085,0.088,0.093,0.081,0.084,0.144,0.081,0.18,0.102
,0.378,0.081,0.083,0.063,0.077,0.073,0.15,0.112,0.166,0.188
,0.426,0.097,0.088,0.057,0.069,0.073,0.164,0.098,0.149,0.092
,,,,,,,,,,
37 PP,5706,5706,5707,5707,6170,6170,6174,6174,6180,6180
,,,,,,,,,,
,0.155,0.136,0.061,0.063,0.086,0.091,0.533,0.436,0.097,0.116
,0.171,0.147,0.069,0.071,0.079,0.1,0.526,0.466,0.093,0.116
,0.242,0.215,0.079,0.068,0.093,0.13,0.543,0.519,0.1,0.122
,0.177,0.094,0.18,0.07,0.119,0.081,0.359,0.13,0.103,0.1
,0.209,0.09,0.206,0.084,0.114,0.083,0.351,0.12,0.106,0.111
,0.241,0.081,0.175,0.071,0.12,0.07,0.356,0.124,0.113,0.103
,,,,,,,,,,
28 PS,5706,5706,5707,5707,6170,6170,6174,6174,6180,6180
,,,,,,,,,,
,0.15,0.153,0.069,0.063,0.076,0.086,0.176,0.327,0.2,0.144
,0.102,0.113,0.06,0.057,0.077,0.081,0.193,0.202,0.141,0.132
,0.114,0.132,0.077,0.063,0.079,0.081,0.206,0.196,0.167,0.132
,0.115,0.065,0.109,0.081,0.083,0.075,0.272,0.078,0.133,0.07
,0.113,0.07,0.064,0.06,0.1,0.076,0.267,0.085,0.119,0.086
,0.142,0.067,0.062,0.06,0.093,0.073,0.227,0.122,0.142,0.1
,,,,,,,,,,
28 PP,5706,5706,5707,5707,6170,6170,6174,6174,6180,6180
,,,,,,,,,,
,0.123,0.124,0.063,0.076,0.124,0.182,0.182,0.504,0.119,0.106
,0.097,0.109,0.089,0.053,0.147,0.122,0.176,0.334,0.1,0.121
,0.112,0.114,0.06,0.078,0.117,0.106,0.149,0.309,0.101,0.078
,0.102,0.06,0.165,0.066,0.102,0.084,0.345,0.119,0.093,0.076
,0.118,0.065,0.206,0.07,0.082,0.079,0.348,0.116,0.104,0.086
,0.124,0.061,0.202,0.067,0.12,0.12,0.391,0.107,0.121,0.092
,,,,,,,,,,
37 PS,5706,5706,5707,5707,6170,6170,6174,6174,6180,6180
,,,,,,,,,,
,0.141,0.24,0.145,0.185,0.091,0.105,0.109,0.129,0.087,0.122
,0.153,0.171,0.134,0.202,0.107,0.128,0.099,0.095,0.077,0.083
,0.107,0.151,0.129,0.178,0.12,0.139,0.103,0.095,0.085,0.09
,0.113,0.064,0.129,0.082,0.102,0.068,0.092,0.063,0.11,0.062
,0.108,0.073,0.126,0.075,0.126,0.077,0.108,0.064,0.1,0.066
,0.187,0.077,0.131,0.074,0.112,0.072,0.126,0.069,0.108,0.066
,,,,,,,,,,
37 PP,5706,5706,5707,5707,6170,6170,6174,6174,6180,6180
,,,,,,,,,,
,0.345,0.374,0.174,0.148,0.085,0.081,0.197,0.123,0.073,0.075
,0.334,0.304,0.142,0.122,0.068,0.074,0.165,0.121,0.07,0.069
,0.292,0.303,0.132,0.14,0.085,0.068,0.185,0.118,0.076,0.075
,0.116,0.078,0.135,0.099,0.091,0.083,0.109,0.09,0.097,0.082
,0.113,0.083,0.131,0.094,0.084,0.064,0.108,0.089,0.082,0.074
,0.108,0.08,0.138,0.081,0.136,0.072,0.113,0.087,0.097,0.073
,,,,,,,,,,
28 PS,5706,5706,5707,5707,6170,6170,6174,6174,6180,6180
,,,,,,,,,,
,0.118,0.138,0.146,0.183,0.117,0.087,0.537,0.571,0.139,0.118
,0.111,0.193,0.139,0.177,0.116,0.103,0.902,0.432,0.108,0.11
,0.094,0.111,0.122,0.19,0.117,0.088,0.726,0.51,0.165,0.118
,0.114,0.071,0.178,0.197,0.086,0.079,0.227,0.133,0.081,0.088
,0.096,0.066,0.219,0.186,0.082,0.067,0.23,0.116,0.078,0.081
,0.105,0.074,0.167,0.182,0.086,0.064,0.266,0.145,0.078,0.063
,,,,,,,,,,
28 PP,5706,5706,5707,5707,6170,6170,6174,6174,6180,6180
,,,,,,,,,,
,0.195,0.146,0.21,0.122,0.111,0.098,0.758,0.782,0.155,0.125
,0.142,0.18,0.176,0.106,0.099,0.087,0.69,0.706,0.117,0.101
,0.142,0.157,0.177,0.109,0.097,0.086,0.734,0.721,0.12,0.092
,0.17,0.078,0.225,0.229,0.084,0.087,0.552,0.306,0.095,0.074
,0.159,0.076,0.23,0.277,0.097,0.077,0.545,0.258,0.099,0.07
,0.158,0.116,0.249,0.284,0.118,0.097,0.406,0.231,0.088,0.062
,,,,,,,,,,
37 PS,5706,5706,5707,5707,6170,6170,6174,6174,6180,6180
,,,,,,,,,,
,0.375,0.202,0.225,0.112,0.158,0.147,0.22,0.211,0.1,0.144
,0.262,0.174,0.257,0.142,0.241,0.122,0.254,0.187,0.083,0.132
,0.387,0.186,0.261,0.135,0.214,0.154,0.201,0.192,0.087,0.132
,0.128,0.186,0.141,0.116,0.105,0.099,0.12,0.146,0.122,0.146
,0.149,0.126,0.131,0.107,0.135,0.113,0.147,0.182,0.1,0.122
,0.215,0.16,0.164,0.115,0.142,0.104,0.214,0.151,0.137,0.13
,,,,,,,,,,
37 PP,5706,5706,5707,5707,6170,6170,6174,6174,6180,6180
,,,,,,,,,,
,0.222,0.192,0.101,0.086,0.089,0.091,0.414,0.503,0.178,0.087
,0.202,0.185,0.1,0.091,0.09,0.107,0.606,0.407,0.116,0.077
,0.243,0.201,0.094,0.102,0.092,0.12,0.556,0.656,0.129,0.085
,0.144,0.085,0.164,0.099,0.122,0.081,0.222,0.37,0.09,0.104
,0.146,0.081,0.157,0.087,0.142,0.077,0.256,0.326,0.075,0.103
,0.163,0.097,0.142,0.103,0.111,0.069,0.246,0.288,0.148,0.087
,,,,,,,,,,
28 PS,5706,5706,5707,5707,6170,6170,6174,6174,6180,6180
,,,,,,,,,,
,0.164,0.155,0.266,0.146,0.149,0.089,0.664,0.41,0.089,0.165
,0.123,0.158,0.213,0.125,0.198,0.08,0.522,0.34,0.112,0.132
,0.142,0.149,0.178,0.152,0.153,0.098,0.586,0.305,0.142,0.127
,0.161,0.102,0.2,0.144,0.152,0.181,0.335,0.459,0.11,0.103
,0.16,0.076,0.154,0.159,0.122,0.136,0.36,0.348,0.109,0.156
,0.149,0.097,0.155,0.163,0.117,0.164,0.307,0.46,0.117,0.1
,,,,,,,,,,
28 PP,5706,5706,5707,5707,6170,6170,6174,6174,6180,6180
,,,,,,,,,,
,0.199,0.155,0.21,0.099,0.145,0.098,0.717,0.866,0.132,0.136
,0.221,0.155,0.226,0.075,0.164,0.087,0.384,0.704,0.122,0.128
,0.184,0.147,0.199,0.084,0.149,0.102,0.333,0.911,0.148,0.112
,0.088,0.099,0.091,0.165,0.13,0.142,0.093,0.226,0.081,0.082
,0.105,0.156,0.12,0.125,0.144,0.105,0.094,0.109,0.086,0.085
,0.136,0.091,0.111,0.094,0.125,0.152,0.115,0.109,0.148,0.083
,,,,,,,,,,
37 PS,6193,6193,6194,6194,6200,6200,6203,6203,6204,6204
,,,,,,,,,,
,0.158,0.158,0.194,0.372,0.147,0.149,0.288,0.235,0.35,0.3
,0.14,0.148,0.151,0.16,0.155,0.118,0.198,0.173,0.114,0.152
,0.159,0.144,0.149,0.174,0.263,0.173,0.193,0.203,0.121,0.162
,0.178,0.058,0.111,0.061,0.264,0.115,0.195,0.104,0.146,0.118
,0.171,0.072,0.137,0.067,0.215,0.106,0.198,0.085,0.158,0.091
,0.163,0.068,0.278,0.086,0.224,0.104,0.245,0.086,0.392,0.095
,,,,,,,,,,
37 PP,6193,6193,6194,6194,6200,6200,6203,6203,6204,6204
,,,,,,,,,,
,0.136,0.178,0.123,0.119,0.09,0.133,0.056,0.086,0.103,0.087
,0.159,0.216,0.134,0.151,0.074,0.096,0.057,0.066,0.078,0.089
,0.157,0.277,0.158,0.149,0.069,0.088,0.053,0.077,0.075,0.095
,0.265,0.071,0.143,0.168,0.063,0.082,0.068,0.106,0.078,0.098
,0.233,0.069,0.174,0.165,0.079,0.109,0.077,0.096,0.09,0.107
,0.201,0.06,0.211,0.152,0.074,0.075,0.08,0.082,0.173,0.102
,,,,,,,,,,
28 PS,6193,6193,6194,6194,6200,6200,6203,6203,6204,6204
,,,,,,,,,,
,0.111,0.116,0.092,0.07,0.128,0.104,0.141,0.114,0.129,0.144
,0.095,0.103,0.095,0.103,0.071,0.098,0.142,0.123,0.095,0.111
,0.119,0.11,0.1,0.078,0.106,0.085,0.182,0.114,0.093,0.135
,0.122,0.056,0.084,0.064,0.074,0.059,0.126,0.075,0.207,0.085
,0.148,0.062,0.097,0.062,0.088,0.06,0.152,0.097,0.174,0.076
,0.163,0.061,0.096,0.069,0.095,0.061,0.107,0.07,0.09,0.049
,,,,,,,,,,
28 PP,6193,6193,6194,6194,6200,6200,6203,6203,6204,6204
,,,,,,,,,,
,0.088,0.111,0.077,0.089,0.086,0.085,0.068,0.091,0.079,0.081
,0.085,0.095,0.074,0.08,0.079,0.072,0.072,0.092,0.08,0.075
,0.076,0.107,0.073,0.077,0.081,0.082,0.079,0.088,0.073,0.072
,0.095,0.08,0.102,0.11,0.073,0.065,0.095,0.104,0.096,0.086
,0.104,0.083,0.078,0.117,0.074,0.071,0.078,0.094,0.094,0.079
,0.081,0.08,0.082,0.099,0.085,0.076,0.079,0.079,0.107,0.085
,,,,,,,,,,
37 PS,6193,6193,6194,6194,6200,6200,6203,6203,6204,6204
,,,,,,,,,,
,0.124,0.155,0.155,0.166,0.127,0.271,0.154,0.155,0.249,0.194
,0.095,0.101,0.081,0.112,0.19,0.228,0.165,0.178,0.209,0.185
,0.094,0.118,0.09,0.18,0.197,0.188,0.183,0.202,0.208,0.2
,0.088,0.064,0.117,0.083,0.254,0.074,0.151,0.096,0.202,0.109
,0.1,0.055,0.111,0.068,0.261,0.068,0.149,0.085,0.162,0.093
,0.124,0.061,0.159,0.07,0.21,0.092,0.158,0.076,0.209,0.085
,,,,,,,,,,
37 PP,6193,6193,6194,6194,6200,6200,6203,6203,6204,6204
,,,,,,,,,,
,0.12,0.124,0.067,0.074,0.068,0.081,0.078,0.121,0.101,0.095
,0.083,0.128,0.08,0.115,0.084,0.079,0.078,0.092,0.077,0.087
,0.082,0.128,0.104,0.091,0.062,0.078,0.065,0.074,0.069,0.089
,0.102,0.056,0.088,0.153,0.111,0.078,0.101,0.087,0.088,0.094
,0.121,0.057,0.107,0.128,0.076,0.078,0.116,0.085,0.095,0.096
,0.107,0.062,0.092,0.108,0.123,0.082,0.158,0.102,0.104,0.098
,,,,,,,,,,
28 PS,6193,6193,6194,6194,6200,6200,6203,6203,6204,6204
,,,,,,,,,,
,0.125,0.116,0.079,0.093,0.06,0.071,0.11,0.199,0.138,0.225
,0.103,0.118,0.083,0.092,0.072,0.075,0.175,0.183,0.154,0.216
,0.097,0.112,0.082,0.081,0.077,0.083,0.152,0.148,0.129,0.17
,0.107,0.065,0.069,0.074,0.07,0.055,0.123,0.07,0.143,0.079
,0.109,0.06,0.085,0.07,0.066,0.057,0.108,0.063,0.128,0.076
,0.086,0.069,0.083,0.064,0.067,0.085,0.13,0.064,0.129,0.064
,,,,,,,,,,
28 PP,6193,6193,6194,6194,6200,6200,6203,6203,6204,6204
,,,,,,,,,,
,0.122,0.144,0.092,0.087,0.062,0.069,0.074,0.09,0.064,0.1
,0.107,0.116,0.088,0.08,0.059,0.07,0.073,0.085,0.064,0.076
,0.105,0.11,0.079,0.075,0.06,0.057,0.073,0.103,0.071,0.07
,0.1,0.056,0.082,0.104,0.069,0.054,0.081,0.068,0.076,0.073
,0.089,0.084,0.071,0.099,0.081,0.06,0.081,0.063,0.081,0.067
,0.107,0.058,0.081,0.089,0.108,0.062,0.085,0.133,0.091,0.063
,,,,,,,,,,
37 PS,6193,6193,6194,6194,6200,6200,6203,6203,6204,6204
,,,,,,,,,,
,0.139,0.158,0.228,0.194,0.136,0.179,0.169,0.222,0.177,0.251
,0.102,0.14,0.136,0.151,0.144,0.166,0.122,0.184,0.164,0.166
,0.099,0.159,0.185,0.149,0.148,0.154,0.211,0.199,0.171,0.159
,0.135,0.097,0.172,0.119,0.173,0.08,0.197,0.142,0.238,0.154
,0.105,0.121,0.187,0.099,0.177,0.087,0.176,0.112,0.171,0.126
,0.138,0.103,0.122,0.088,0.239,0.101,0.187,0.133,0.196,0.124
,,,,,,,,,,
37 PP,6193,6193,6194,6194,6200,6200,6203,6203,6204,6204
,,,,,,,,,,
,0.098,0.166,0.09,0.117,0.112,0.101,0.124,0.122,0.087,0.099
,0.087,0.172,0.162,0.111,0.103,0.125,0.114,0.103,0.067,0.123
,0.101,0.194,0.122,0.129,0.089,0.136,0.092,0.099,0.093,0.146
,0.145,0.081,0.119,0.224,0.146,0.188,0.145,0.125,0.121,0.178
,0.174,0.083,0.2,0.118,0.125,0.124,0.075,0.07,0.108,0.13
,0.259,0.076,0.126,0.158,0.21,0.118,0.129,0.097,0.166,0.136
,,,,,,,,,,
28 PS,6193,6193,6194,6194,6200,6200,6203,6203,6204,6204
,,,,,,,,,,
,0.164,0.152,0.087,0.123,0.182,0.164,0.136,0.182,0.116,0.21
,0.165,0.166,0.08,0.134,0.122,0.104,0.13,0.129,0.107,0.166
,0.22,0.172,0.075,0.098,0.101,0.126,0.141,0.164,0.101,0.137
,0.105,0.113,0.099,0.081,0.129,0.118,0.117,0.161,0.126,0.067
,0.11,0.1,0.075,0.078,0.171,0.102,0.123,0.1,0.12,0.072
,0.139,0.085,0.09,0.064,0.086,0.086,0.078,0.112,0.118,0.098
,,,,,,,,,,
28 PP,6193,6193,6194,6194,6200,6200,6203,6203,6204,6204
,,,,,,,,,,
,0.187,0.164,0.149,0.099,0.078,0.111,0.238,0.115,0.063,0.079
,0.122,0.125,0.103,0.103,0.096,0.11,0.281,0.121,0.068,0.097
,0.174,0.143,0.102,0.107,0.092,0.104,0.253,0.136,0.075,0.098
,0.132,0.148,0.128,0.12,0.154,0.098,0.164,0.094,0.086,0.068
,0.078,0.084,0.108,0.135,0.117,0.133,0.089,0.084,0.093,0.082
,0.144,0.101,0.12,0.107,0.105,0.108,0.108,0.089,0.115,0.073
,,,,,,,,,,
37 PS,6206,6206,6207,6207,5746,5746,5747,5747,5749,5749
,,,,,,,,,,
,0.116,0.199,0.152,0.201,0.102,0.106,0.092,0.12,0.069,0.059
,0.129,0.116,0.096,0.105,0.068,0.123,0.076,0.102,0.064,0.076
,0.14,0.121,0.092,0.113,0.103,0.14,0.079,0.113,0.063,0.067
,0.092,0.077,0.107,0.062,0.129,0.1,0.077,0.069,0.061,0.14
,0.124,0.08,0.105,0.062,0.084,0.095,0.085,0.075,0.074,0.146
,0.152,0.102,0.211,0.083,0.074,0.076,0.087,0.084,0.059,0.125
,,,,,,,,,,
37 PP,6206,6206,6207,6207,5746,5746,5747,5747,5749,5749
,,,,,,,,,,
,0.106,0.116,0.112,0.139,0.065,0.089,0.082,0.092,0.051,0.062
,0.098,0.121,0.093,0.146,0.068,0.077,0.099,0.08,0.056,0.062
,0.116,0.126,0.099,0.149,0.068,0.08,0.112,0.103,0.056,0.063
,0.119,0.132,0.104,0.075,0.066,0.105,0.08,0.105,0.059,0.119
,0.127,0.12,0.122,0.059,0.085,0.107,0.089,0.113,0.061,0.197
,0.131,0.149,0.158,0.068,0.077,0.111,0.09,0.119,0.058,0.172
,,,,,,,,,,
28 PS,6206,6206,6207,6207,5746,5746,5747,5747,5749,5749
,,,,,,,,,,
,0.087,0.104,0.161,0.25,0.071,0.076,0.098,0.082,0.06,0.065
,0.089,0.1,0.103,0.127,0.079,0.087,0.093,0.096,0.077,0.07
,0.095,0.119,0.078,0.167,0.08,0.101,0.096,0.096,0.068,0.078
,0.084,0.065,0.186,0.093,0.099,0.128,0.104,0.085,0.066,0.111
,0.098,0.071,0.24,0.081,0.079,0.1,0.098,0.074,0.065,0.102
,0.107,0.069,0.346,0.063,0.11,0.067,0.092,0.093,0.074,0.092
,,,,,,,,,,
28 PP,6206,6206,6207,6207,5746,5746,5747,5747,5749,5749
,,,,,,,,,,
,0.088,0.102,0.109,0.082,0.064,0.062,0.094,0.094,0.059,0.06
,0.087,0.102,0.09,0.082,0.067,0.063,0.09,0.089,0.059,0.06
,0.093,0.124,0.098,0.088,0.081,0.081,0.117,0.086,0.059,0.064
,0.097,0.081,0.079,0.083,0.074,0.124,0.141,0.1,0.065,0.119
,0.103,0.092,0.077,0.072,0.073,0.139,0.094,0.093,0.061,0.157
,0.086,0.099,0.07,0.071,0.066,0.132,0.091,0.102,0.066,0.118
,,,,,,,,,,
37 PS,6206,6206,6207,6207,5746,5746,5747,5747,5749,5749
,,,,,,,,,,
,0.156,0.184,0.172,0.162,0.085,0.11,0.086,0.095,0.072,0.106
,0.174,0.237,0.132,0.168,0.088,0.091,0.08,0.097,0.073,0.084
,0.201,0.21,0.152,0.171,0.092,0.09,0.068,0.081,0.074,0.088
,0.193,0.105,0.165,0.069,0.087,0.069,0.085,0.082,0.077,0.094
,0.262,0.076,0.197,0.075,0.085,0.064,0.075,0.071,0.073,0.093
,0.172,0.088,0.155,0.082,0.087,0.067,0.092,0.085,0.077,0.072
,,,,,,,,,,
37 PP,6206,6206,6207,6207,5746,5746,5747,5747,5749,5749
,,,,,,,,,,
,0.097,0.178,0.096,0.129,0.072,0.099,0.075,0.078,0.074,0.069
,0.096,0.154,0.098,0.131,0.07,0.081,0.066,0.066,0.087,0.077
,0.089,0.127,0.091,0.096,0.069,0.076,0.08,0.073,0.057,0.07
,0.156,0.17,0.162,0.073,0.071,0.095,0.064,0.082,0.078,0.052
,0.15,0.171,0.16,0.088,0.063,0.113,0.074,0.084,0.076,0.083
,0.158,0.172,0.15,0.104,0.069,0.129,0.09,0.131,0.073,0.078
,,,,,,,,,,
28 PS,6206,6206,6207,6207,5746,5746,5747,5747,5749,5749
,,,,,,,,,,
,0.156,0.197,0.146,0.199,0.068,0.071,0.072,0.1,0.08,0.103
,0.184,0.278,0.193,0.21,0.068,0.068,0.095,0.088,0.082,0.112
,0.141,0.187,0.118,0.232,0.067,0.07,0.091,0.103,0.085,0.1
,0.219,0.096,0.253,0.147,0.091,0.12,0.101,0.123,0.094,0.11
,0.222,0.089,0.212,0.104,0.076,0.094,0.109,0.11,0.095,0.111
,0.189,0.077,0.228,0.11,0.085,0.059,0.09,0.07,0.096,0.066
,,,,,,,,,,
28 PP,6206,6206,6207,6207,5746,5746,5747,5747,5749,5749
,,,,,,,,,,
,0.085,0.146,0.093,0.126,0.072,0.099,0.081,0.088,0.069,0.097
,0.105,0.101,0.098,0.095,0.115,0.095,0.08,0.098,0.086,0.117
,0.093,0.096,0.087,0.086,0.094,0.096,0.091,0.093,0.085,0.078
,0.107,0.087,0.076,0.062,0.104,0.083,0.087,0.098,0.098,0.085
,0.105,0.081,0.061,0.063,0.095,0.082,0.098,0.078,0.08,0.082
,0.135,0.089,0.115,0.066,0.108,0.088,0.081,0.072,0.086,0.071
,,,,,,,,,,
37 PS,6206,6206,6207,6207,5746,5746,5747,5747,5749,5749
,,,,,,,,,,
,0.164,0.155,0.116,0.162,0.109,0.128,0.117,0.132,0.094,0.093
,0.13,0.167,0.143,0.166,0.09,0.106,0.129,0.099,0.13,0.178
,0.148,0.138,0.141,0.104,0.084,0.098,0.131,0.119,0.087,0.124
,0.133,0.081,0.111,0.06,0.096,0.149,0.083,0.147,0.115,0.219
,0.151,0.079,0.097,0.077,0.08,0.148,0.109,0.209,0.109,0.315
,0.21,0.073,0.145,0.073,0.127,0.139,0.096,0.178,0.119,0.257
,,,,,,,,,,
37 PP,6206,6206,6207,6207,5746,5746,5747,5747,5749,5749
,,,,,,,,,,
,0.085,0.129,0.095,0.165,0.069,0.101,0.16,0.099,0.072,0.088
,0.107,0.099,0.102,0.14,0.092,0.126,0.156,0.116,0.067,0.09
,0.171,0.157,0.205,0.139,0.091,0.125,0.084,0.088,0.081,0.099
,0.101,0.11,0.079,0.066,0.097,0.526,0.188,0.594,0.092,0.145
,0.113,0.094,0.126,0.078,0.133,0.547,0.128,0.421,0.081,0.198
,0.112,0.091,0.075,0.071,0.067,0.483,0.118,0.322,0.078,0.142
,,,,,,,,,,
28 PS,6206,6206,6207,6207,5746,5746,5747,5747,5749,5749
,,,,,,,,,,
,0.136,0.129,0.088,0.104,0.129,0.194,0.139,0.168,0.068,0.065
,0.163,0.152,0.114,0.09,0.089,0.114,0.089,0.094,0.077,0.068
,0.137,0.192,0.132,0.104,0.094,0.111,0.111,0.131,0.067,0.091
,0.146,0.091,0.11,0.075,0.086,0.121,0.084,0.105,0.061,0.125
,0.124,0.073,0.066,0.065,0.1,0.161,0.098,0.094,0.078,0.083
,0.226,0.081,0.087,0.079,0.107,0.113,0.12,0.104,0.083,0.065
,,,,,,,,,,
28 PP,6206,6206,6207,6207,5746,5746,5747,5747,5749,5749
,,,,,,,,,,
,0.085,0.099,0.113,0.121,0.081,0.08,0.082,0.066,0.081,0.093
,0.077,0.107,0.093,0.113,0.123,0.097,0.162,0.074,0.069,0.083
,0.11,0.105,0.112,0.114,0.12,0.099,0.082,0.108,0.071,0.097
,0.082,0.106,0.08,0.059,0.136,0.132,0.107,0.113,0.088,0.108
,0.118,0.069,0.054,0.063,0.081,0.124,0.091,0.105,0.085,0.118
,0.105,0.071,0.068,0.06,0.082,0.081,0.091,0.153,0.079,0.096
,,,,,,,,,,
37 PS,5753,5753,5755,5755,6204,6204,5757,5757,6054,6054
,,,,,,,,,,
,0.077,0.086,0.121,0.084,0.35,0.3,0.058,0.051,0.059,0.061
,0.078,0.112,0.082,0.09,0.114,0.152,0.062,0.055,0.052,0.062
,0.101,0.075,0.091,0.079,0.121,0.162,0.056,0.066,0.05,0.063
,0.095,0.076,0.1,0.08,0.146,0.118,0.059,0.054,0.056,0.054
,0.074,0.091,0.12,0.088,0.158,0.091,0.066,0.055,0.058,0.056
,0.072,0.085,0.111,0.085,0.392,0.095,0.057,0.056,0.064,0.056
,,,,,,,,,,
37 PP,5753,5753,5755,5755,6204,6204,5757,5757,6054,6054
,,,,,,,,,,
,0.076,0.076,0.074,0.058,0.103,0.087,0.049,0.054,0.08,0.055
,0.063,0.062,0.064,0.077,0.078,0.089,0.052,0.052,0.052,0.054
,0.062,0.063,0.079,0.061,0.075,0.095,0.051,0.055,0.05,0.054
,0.07,0.09,0.101,0.089,0.078,0.098,0.052,0.06,0.076,0.062
,0.068,0.113,0.094,0.068,0.09,0.107,0.053,0.063,0.057,0.058
,0.066,0.101,0.086,0.063,0.173,0.102,0.057,0.071,0.057,0.058
,,,,,,,,,,
28 PS,5753,5753,5755,5755,6204,6204,5757,5757,6054,6054
,,,,,,,,,,
,0.065,0.071,0.079,0.089,0.129,0.144,0.068,0.253,0.067,0.064
,0.06,0.079,0.074,0.083,0.095,0.111,0.094,0.066,0.068,0.078
,0.062,0.064,0.071,0.088,0.093,0.135,0.083,0.057,0.073,0.065
,0.074,0.106,0.078,0.069,0.207,0.085,0.078,0.133,0.097,0.068
,0.075,0.086,0.1,0.074,0.174,0.076,0.069,0.095,0.098,0.065
,0.077,0.078,0.077,0.068,0.09,0.049,0.072,0.1,0.106,0.061
,,,,,,,,,,
28 PP,5753,5753,5755,5755,6204,6204,5757,5757,6054,6054
,,,,,,,,,,
,0.08,0.065,0.078,0.081,0.079,0.081,0.054,0.058,0.07,0.059
,0.072,0.084,0.076,0.064,0.08,0.075,0.056,0.056,0.065,0.062
,0.07,0.113,0.074,0.064,0.073,0.072,0.066,0.055,0.101,0.077
,0.069,0.08,0.069,0.067,0.096,0.086,0.059,0.078,0.151,0.075
,0.063,0.092,0.069,0.071,0.094,0.079,0.06,0.065,0.161,0.076
,0.055,0.081,0.075,0.074,0.107,0.085,0.08,0.061,0.162,0.124
,,,,,,,,,,
37 PS,5753,5753,5755,5755,6204,6204,5757,5757,6054,6054
,,,,,,,,,,
,0.113,0.096,0.123,0.135,0.249,0.194,0.094,0.066,0.093,0.106
,0.091,0.088,0.093,0.095,0.209,0.185,0.106,0.075,0.073,0.141
,0.094,0.079,0.08,0.088,0.208,0.2,0.073,0.068,0.074,0.105
,0.096,0.107,0.08,0.066,0.202,0.109,0.07,0.075,0.696,0.106
,0.089,0.061,0.073,0.082,0.162,0.093,0.07,0.078,0.149,0.085
,0.09,0.089,0.096,0.08,0.209,0.085,0.082,0.102,0.101,0.074
,,,,,,,,,,
37 PP,5753,5753,5755,5755,6204,6204,5757,5757,6054,6054
,,,,,,,,,,
,0.067,0.064,0.057,0.08,0.101,0.095,0.064,0.073,0.05,0.049
,0.078,0.077,0.096,0.069,0.077,0.087,0.063,0.06,0.051,0.061
,0.07,0.075,0.056,0.061,0.069,0.089,0.067,0.06,0.054,0.059
,0.099,0.102,0.069,0.068,0.088,0.094,0.087,0.068,0.109,0.065
,0.064,0.083,0.078,0.063,0.095,0.096,0.082,0.099,0.08,0.064
,0.113,0.101,0.069,0.063,0.104,0.098,0.086,0.113,0.089,0.082
,,,,,,,,,,
28 PS,5753,5753,5755,5755,6204,6204,5757,5757,6054,6054
,,,,,,,,,,
,0.067,0.075,0.082,0.123,0.138,0.225,0.054,0.07,0.08,0.107
,0.073,0.091,0.092,0.104,0.154,0.216,0.058,0.061,0.083,0.073
,0.085,0.093,0.074,0.089,0.129,0.17,0.058,0.07,0.084,0.066
,0.106,0.098,0.081,0.097,0.143,0.079,0.064,0.117,0.141,0.07
,0.074,0.117,0.077,0.107,0.128,0.076,0.07,0.075,0.138,0.081
,0.084,0.064,0.073,0.092,0.129,0.064,0.088,0.069,0.125,0.065
,,,,,,,,,,
28 PP,5753,5753,5755,5755,6204,6204,5757,5757,6054,6054
,,,,,,,,,,
,0.072,0.078,0.092,0.086,0.064,0.1,0.076,0.082,0.231,3.436
,0.094,0.103,0.131,0.092,0.064,0.076,0.079,0.082,0.21,2.772
,0.075,0.093,0.102,0.081,0.071,0.07,0.071,0.079,0.266,2.933
,0.09,0.076,0.098,0.069,0.076,0.073,0.081,0.126,3.13,0.106
,0.098,0.07,0.091,0.069,0.081,0.067,0.067,0.125,3.036,0.132
,0.081,0.064,0.095,0.072,0.091,0.063,0.077,0.128,3.47,0.083
,,,,,,,,,,
37 PS,5753,5753,5755,5755,6204,6204,5757,5757,6054,6054
,,,,,,,,,,
,0.109,0.141,0.087,0.118,0.177,0.251,0.069,0.083,0.158,0.498
,0.167,0.151,0.132,0.158,0.164,0.166,0.085,0.098,0.117,0.959
,0.108,0.143,0.141,0.178,0.171,0.159,0.059,0.066,0.107,0.173
,0.113,0.207,0.141,0.133,0.238,0.154,0.056,0.088,0.14,0.073
,0.151,0.236,0.185,0.149,0.171,0.126,0.056,0.066,0.145,0.072
,0.136,0.256,0.159,0.146,0.196,0.124,0.083,0.071,0.157,0.088
,,,,,,,,,,
37 PP,5753,5753,5755,5755,6204,6204,5757,5757,6054,6054
,,,,,,,,,,
,0.066,0.072,0.07,0.081,0.087,0.099,0.059,0.065,0.054,0.057
,0.151,0.079,0.064,0.078,0.067,0.123,0.066,0.069,0.062,0.059
,0.087,0.064,0.094,0.106,0.093,0.146,0.058,0.067,0.056,0.051
,0.208,0.144,0.156,0.107,0.121,0.178,0.071,0.139,0.096,0.061
,0.128,0.12,0.081,0.093,0.108,0.13,0.067,0.126,0.089,0.056
,0.184,0.144,0.085,0.082,0.166,0.136,0.056,0.123,0.109,0.068
,,,,,,,,,,
28 PS,5753,5753,5755,5755,6204,6204,5757,5757,6054,6054
,,,,,,,,,,
,0.072,0.068,0.083,0.08,0.116,0.21,0.056,0.061,0.064,0.089
,0.085,0.079,0.083,0.115,0.107,0.166,0.051,0.055,0.072,0.06
,0.084,0.082,0.091,0.118,0.101,0.137,0.081,0.061,0.088,0.068
,0.198,0.094,0.108,0.125,0.126,0.067,0.057,0.079,0.139,0.058
,0.081,0.07,0.127,0.12,0.12,0.072,0.069,0.074,0.159,0.076
,0.091,0.065,0.074,0.085,0.118,0.098,0.052,0.065,0.163,0.066
,,,,,,,,,,
28 PP,5753,5753,5755,5755,6204,6204,5757,5757,6054,6054
,,,,,,,,,,
,0.077,0.099,0.113,0.096,0.063,0.079,0.061,0.072,0.25,2.336
,0.069,0.066,0.081,0.064,0.068,0.097,0.059,0.068,0.206,1.924
,0.091,0.07,0.074,0.072,0.075,0.098,0.072,0.072,0.184,2.829
,0.082,0.088,0.068,0.074,0.086,0.068,0.067,0.078,2.495,0.061
,0.098,0.111,0.077,0.083,0.093,0.082,0.067,0.087,3.399,0.071
,0.13,0.086,0.11,0.096,0.115,0.073,0.087,0.092,3.59,0.065
,,,,,,,,,,
37 PS,6139,6139,6143,6143,6144,6144,6146,6146,6150,6150
,,,,,,,,,,
,0.049,0.047,0.049,0.051,0.046,0.055,0.055,0.05,0.067,0.097
,0.051,0.052,0.051,0.063,0.047,0.053,0.059,0.058,0.06,0.106
,0.054,0.053,0.054,0.061,0.055,0.056,0.062,0.078,0.062,0.105
,0.061,0.075,0.068,0.061,0.059,0.078,0.068,0.074,0.084,0.054
,0.064,0.085,0.066,0.061,0.053,0.078,0.059,0.058,0.074,0.056
,0.062,0.082,0.083,0.067,0.056,0.091,0.071,0.06,0.083,0.055
,,,,,,,,,,
37 PP,6139,6139,6143,6143,6144,6144,6146,6146,6150,6150
,,,,,,,,,,
,0.046,0.05,0.051,0.048,0.045,0.044,0.05,0.047,0.056,0.074
,0.052,0.053,0.051,0.056,0.044,0.046,0.05,0.051,0.05,0.075
,0.05,0.067,0.052,0.053,0.047,0.074,0.058,0.051,0.051,0.073
,0.054,0.084,0.056,0.066,0.054,0.077,0.06,0.071,0.062,0.081
,0.051,0.095,0.057,0.099,0.05,0.085,0.05,0.071,0.06,0.075
,0.055,0.078,0.056,0.085,0.05,0.097,0.051,0.069,0.066,0.078
,,,,,,,,,,
28 PS,6139,6139,6143,6143,6144,6144,6146,6146,6150,6150
,,,,,,,,,,
,0.067,0.054,0.054,0.055,0.046,0.048,0.054,0.055,0.085,0.099
,0.107,0.06,0.055,0.056,0.053,0.045,0.067,0.058,0.082,0.103
,0.053,0.055,0.07,0.059,0.057,0.05,0.054,0.059,0.086,0.101
,0.057,0.062,0.065,0.066,0.059,0.056,0.08,0.065,0.114,0.062
,0.059,0.073,0.068,0.068,0.062,0.061,0.062,0.085,0.113,0.065
,0.059,0.074,0.058,0.061,0.06,0.056,0.067,0.068,0.109,0.086
,,,,,,,,,,
28 PP,6139,6139,6143,6143,6144,6144,6146,6146,6150,6150
,,,,,,,,,,
,0.058,0.054,0.056,0.057,0.056,0.052,0.063,0.056,0.096,0.114
,0.063,0.057,0.06,0.056,0.055,0.049,0.067,0.057,0.078,0.106
,0.067,0.063,0.065,0.061,0.061,0.058,0.073,0.062,0.085,0.128
,0.065,0.086,0.069,0.099,0.063,0.087,0.068,0.096,0.097,0.098
,0.065,0.084,0.066,0.066,0.063,0.066,0.063,0.073,0.093,0.094
,0.061,0.071,0.061,0.068,0.068,0.063,0.064,0.07,0.096,0.098
,,,,,,,,,,
37 PS,6139,6139,6143,6143,6144,6144,6146,6146,6150,6150
,,,,,,,,,,
,0.073,0.072,0.078,0.084,0.069,0.068,0.103,0.078,0.085,0.114
,0.125,0.137,0.1,0.069,0.076,0.079,0.067,0.07,0.096,0.102
,0.156,0.163,0.064,0.062,0.07,0.074,0.065,0.055,0.076,0.097
,0.058,0.065,0.056,0.065,0.113,0.065,0.069,0.066,0.098,0.062
,0.071,0.06,0.112,0.069,0.085,0.084,0.068,0.056,0.154,0.066
,0.06,0.09,0.076,0.069,0.104,0.076,0.071,0.079,0.135,0.067
,,,,,,,,,,
37 PP,6139,6139,6143,6143,6144,6144,6146,6146,6150,6150
,,,,,,,,,,
,0.049,0.051,0.065,0.059,0.085,0.085,0.055,0.058,0.06,0.067
,0.057,0.058,0.05,0.057,0.075,0.058,0.067,0.062,0.067,0.071
,0.044,0.052,0.052,0.049,0.085,0.056,0.048,0.052,0.063,0.1
,0.059,0.067,0.054,0.064,0.1,0.067,0.056,0.07,0.093,0.07
,0.054,0.058,0.05,0.059,0.066,0.067,0.06,0.07,0.091,0.065
,0.073,0.077,0.053,0.066,0.075,0.06,0.057,0.068,0.089,0.064
,,,,,,,,,,
28 PS,6139,6139,6143,6143,6144,6144,6146,6146,6150,6150
,,,,,,,,,,
,0.077,0.064,0.078,0.086,0.074,0.076,0.056,0.066,0.104,0.114
,0.066,0.062,0.089,0.069,0.087,0.08,0.061,0.061,0.108,0.141
,0.061,0.055,0.065,0.076,0.076,0.088,0.063,0.063,0.108,0.143
,0.072,0.061,0.078,0.074,0.083,0.077,0.067,0.068,0.178,0.088
,0.07,0.058,0.079,0.072,0.084,0.094,0.07,0.064,0.146,0.081
,0.067,0.051,0.074,0.05,0.063,0.077,0.039,0.057,0.118,0.068
,,,,,,,,,,
28 PP,6139,6139,6143,6143,6144,6144,6146,6146,6150,6150
,,,,,,,,,,
,0.157,0.084,0.132,0.07,0.097,0.065,0.068,0.07,0.1,0.166
,0.167,0.069,0.081,0.072,0.094,0.079,0.077,0.066,0.093,0.153
,0.201,0.073,0.066,0.062,0.082,0.069,0.072,0.066,0.115,0.136
,0.077,0.071,0.072,0.072,0.07,0.102,0.079,0.077,0.157,0.077
,0.068,0.081,0.082,0.077,0.081,0.08,0.08,0.078,0.16,0.096
,0.067,0.079,0.076,0.067,0.082,0.084,0.087,0.085,0.152,0.092
,,,,,,,,,,
37 PS,6139,6139,6143,6143,6144,6144,6146,6146,6150,6150
,,,,,,,,,,
,0.1,0.114,0.092,0.075,0.154,0.285,0.059,0.072,0.078,0.092
,0.137,0.082,0.087,0.088,0.213,0.29,0.055,0.073,0.066,0.096
,0.076,0.063,0.067,0.076,0.176,0.33,0.051,0.049,0.066,0.075
,0.066,0.082,0.076,0.075,0.278,0.131,0.056,0.065,0.109,0.079
,0.063,0.063,0.075,0.119,0.272,0.149,0.068,0.068,0.093,0.087
,0.078,0.116,0.109,0.077,0.293,0.121,0.05,0.068,0.113,0.085
,,,,,,,,,,
37 PP,6139,6139,6143,6143,6144,6144,6146,6146,6150,6150
,,,,,,,,,,
,0.059,0.052,0.062,0.065,0.129,0.152,0.048,0.061,0.067,0.074
,0.056,0.079,0.07,0.054,0.188,0.153,0.087,0.059,0.071,0.07
,0.051,0.051,0.081,0.056,0.194,0.236,0.05,0.051,0.056,0.066
,0.057,0.066,0.102,0.07,0.269,0.114,0.054,0.058,0.1,0.066
,0.057,0.061,0.067,0.06,0.275,0.135,0.068,0.058,0.086,0.058
,0.072,0.084,0.089,0.074,0.209,0.099,0.091,0.065,0.109,0.069
,,,,,,,,,,
28 PS,6139,6139,6143,6143,6144,6144,6146,6146,6150,6150
,,,,,,,,,,
,0.061,0.085,0.075,0.066,0.179,0.109,0.073,0.062,0.096,0.127
,0.052,0.07,0.07,0.083,0.176,0.145,0.056,0.06,0.103,0.131
,0.068,0.069,0.089,0.078,0.236,0.113,0.055,0.058,0.095,0.122
,0.068,0.072,0.088,0.074,0.184,0.121,0.067,0.063,0.168,0.08
,0.073,0.067,0.09,0.074,0.166,0.102,0.062,0.058,0.134,0.064
,0.062,0.068,0.077,0.073,0.151,0.085,0.073,0.057,0.13,0.069
,,,,,,,,,,
28 PP,6139,6139,6143,6143,6144,6144,6146,6146,6150,6150
,,,,,,,,,,
,0.108,0.15,0.095,0.092,0.1,0.084,0.078,0.071,0.099,0.172
,0.06,0.059,0.089,0.092,0.094,0.088,0.071,0.062,0.097,0.179
,0.081,0.067,0.1,0.092,0.074,0.085,0.078,0.07,0.096,0.142
,0.064,0.066,0.107,0.09,0.09,0.073,0.081,0.069,0.181,0.106
,0.097,0.114,0.102,0.074,0.109,0.082,0.067,0.068,0.188,0.096
,0.086,0.075,0.081,0.074,0.109,0.104,0.067,0.068,0.187,0.087
